"Fecha","Último","Apertura","Máximo","Mínimo","Vol.","% var."
"22.05.2020","318,89","315,98","319,10","315,41","20,45M","0,64%"
"21.05.2020","316,85","318,65","320,87","315,87","25,67M","-0,75%"
"20.05.2020","319,23","316,63","319,52","316,37","27,88M","1,94%"
"19.05.2020","313,14","315,03","318,51","313,09","25,43M","-0,58%"
"18.05.2020","314,96","312,96","316,50","310,35","33,84M","2,36%"
"15.05.2020","307,71","301,10","307,85","301,10","41,59M","-0,59%"
"14.05.2020","309,54","304,36","309,61","301,60","39,73M","0,61%"
"13.05.2020","307,65","312,08","315,94","303,28","50,16M","-1,21%"
"12.05.2020","311,41","317,83","319,69","310,91","40,58M","-1,14%"
"11.05.2020","315,01","308,10","317,05","307,24","36,49M","1,57%"
"08.05.2020","310,13","305,64","310,35","304,29","33,51M","2,10%"
"07.05.2020","303,74","303,22","305,17","301,97","28,80M","1,03%"
"06.05.2020","300,63","300,46","303,24","298,87","35,58M","1,03%"
"05.05.2020","297,56","295,06","301,00","294,46","36,94M","1,50%"
"04.05.2020","293,16","289,17","293,69","286,32","33,39M","1,41%"
"01.05.2020","289,07","286,25","299,00","285,85","60,15M","-1,61%"
"30.04.2020","293,80","289,96","294,53","288,35","45,77M","2,11%"
"29.04.2020","287,73","284,73","289,67","283,89","34,32M","3,28%"
"28.04.2020","278,58","285,08","285,83","278,20","28,00M","-1,62%"
"27.04.2020","283,17","281,80","284,54","279,95","29,27M","0,07%"
"24.04.2020","282,97","277,20","283,01","277,00","31,63M","2,89%"
"23.04.2020","275,03","275,87","281,75","274,87","31,20M","-0,39%"
"22.04.2020","276,10","273,61","277,90","272,20","29,26M","2,88%"
"21.04.2020","268,37","276,28","277,25","265,43","45,25M","-3,09%"
"20.04.2020","276,93","277,95","281,68","276,85","32,50M","-2,08%"
"17.04.2020","282,80","284,69","286,95","276,86","53,81M","-1,36%"
"16.04.2020","286,69","287,38","288,20","282,35","39,28M","0,79%"
"15.04.2020","284,43","282,40","286,33","280,63","32,79M","-0,91%"
"14.04.2020","287,05","280,00","288,25","278,05","48,75M","5,05%"
"13.04.2020","273,25","268,31","273,70","265,83","32,76M","1,96%"
"09.04.2020","267,99","268,70","270,07","264,70","40,53M","0,72%"
"08.04.2020","266,07","262,74","267,37","261,23","42,22M","2,56%"
"07.04.2020","259,43","270,80","271,70","259,00","50,72M","-1,16%"
"06.04.2020","262,47","250,90","263,11","249,38","50,46M","8,72%"
"03.04.2020","241,41","242,80","245,70","238,97","32,47M","-1,44%"
"02.04.2020","244,93","240,34","245,15","236,90","41,48M","1,67%"
"01.04.2020","240,91","246,50","248,72","239,13","44,05M","-5,26%"
"31.03.2020","254,29","255,60","262,49","252,00","49,25M","-0,20%"
"30.03.2020","254,81","250,74","255,52","249,40","41,99M","2,85%"
"27.03.2020","247,74","252,14","255,85","247,21","51,05M","-4,14%"
"26.03.2020","258,44","246,70","258,44","246,50","63,14M","5,26%"
"25.03.2020","245,52","250,80","257,94","244,33","75,90M","-0,55%"
"24.03.2020","246,88","237,00","246,88","234,42","71,88M","10,03%"
"23.03.2020","224,37","228,08","228,50","212,61","84,19M","-2,12%"
"20.03.2020","229,24","247,18","251,83","228,00","100,42M","-6,35%"
"19.03.2020","244,78","247,02","252,59","242,66","67,96M","-0,77%"
"18.03.2020","246,67","240,19","249,91","237,12","75,06M","-2,45%"
"17.03.2020","252,86","247,51","257,61","238,40","81,01M","4,40%"
"16.03.2020","242,21","241,95","259,08","240,00","80,61M","-12,86%"
"13.03.2020","277,97","264,89","279,92","252,95","92,68M","11,98%"
"12.03.2020","248,23","255,94","270,00","248,00","104,62M","-9,88%"
"11.03.2020","275,43","277,39","281,22","271,86","64,09M","-3,47%"
"10.03.2020","285,34","277,14","286,44","269,37","71,32M","7,20%"
"09.03.2020","266,17","263,75","278,09","263,00","71,69M","-7,91%"
"06.03.2020","289,03","282,00","290,82","281,23","56,54M","-1,33%"
"05.03.2020","292,92","295,52","299,55","291,41","46,89M","-3,24%"
"04.03.2020","302,74","296,44","303,40","293,13","54,79M","4,64%"
"03.03.2020","289,32","303,67","304,00","285,80","79,87M","-3,18%"
"02.03.2020","298,81","282,28","301,44","277,72","85,35M","9,31%"
"28.02.2020","273,36","257,26","278,41","256,37","106,72M","-0,06%"
"27.02.2020","273,52","281,10","286,00","272,96","80,15M","-6,54%"
"26.02.2020","292,65","286,53","297,88","286,50","49,68M","1,59%"
"25.02.2020","288,08","300,95","302,53","286,13","57,67M","-3,39%"
"24.02.2020","298,18","297,26","304,18","289,23","55,55M","-4,75%"
"21.02.2020","313,05","318,62","320,45","310,50","32,43M","-2,26%"
"20.02.2020","320,30","322,63","324,65","318,21","25,14M","-1,03%"
"19.02.2020","323,62","320,00","324,57","320,00","23,50M","1,45%"
"18.02.2020","319,00","315,36","319,75","314,61","38,19M","-1,83%"
"14.02.2020","324,95","324,74","325,98","322,85","20,03M","0,02%"
"13.02.2020","324,87","324,19","326,22","323,35","23,69M","-0,71%"
"12.02.2020","327,20","321,47","327,22","321,47","28,43M","2,37%"
"11.02.2020","319,61","323,60","323,90","318,71","23,58M","-0,60%"
"10.02.2020","321,55","314,18","321,55","313,85","27,34M","0,47%"
"07.02.2020","320,03","322,37","323,40","318,00","29,42M","-1,59%"
"06.02.2020","325,21","322,57","325,22","320,26","26,36M","1,17%"
"05.02.2020","321,45","323,52","324,76","318,95","29,71M","0,82%"
"04.02.2020","318,85","315,31","319,64","313,63","34,15M","3,30%"
"03.02.2020","308,66","304,30","313,49","302,22","43,50M","-0,27%"
"31.01.2020","309,51","320,93","322,68","308,29","49,90M","-4,43%"
"30.01.2020","323,87","320,54","324,09","318,75","31,69M","-0,14%"
"29.01.2020","324,34","324,45","327,85","321,38","54,15M","2,09%"
"28.01.2020","317,69","312,60","318,40","312,19","40,56M","2,83%"
"27.01.2020","308,95","310,06","311,77","304,88","40,49M","-2,94%"
"24.01.2020","318,31","320,25","323,33","317,52","36,63M","-0,29%"
"23.01.2020","319,23","317,92","319,56","315,65","26,12M","0,48%"
"22.01.2020","317,70","318,58","319,99","317,31","25,46M","0,36%"
"21.01.2020","316,57","317,19","319,02","316,00","27,71M","-0,68%"
"17.01.2020","318,73","316,27","318,74","315,00","34,45M","1,11%"
"16.01.2020","315,24","313,59","315,70","312,09","27,21M","1,25%"
"15.01.2020","311,34","311,85","315,50","309,55","30,48M","-0,43%"
"14.01.2020","312,68","316,70","317,57","312,17","40,65M","-1,35%"
"13.01.2020","316,96","311,64","317,07","311,15","30,52M","2,14%"
"10.01.2020","310,33","310,60","312,67","308,25","35,22M","0,23%"
"09.01.2020","309,63","307,24","310,43","306,20","42,62M","2,12%"
"08.01.2020","303,19","297,16","304,44","297,16","33,09M","1,61%"
"07.01.2020","298,39","299,84","300,90","297,48","27,88M","-0,47%"
"06.01.2020","299,80","293,79","299,96","292,75","29,64M","0,80%"
"03.01.2020","297,43","297,15","300,58","296,50","36,63M","-0,97%"
"02.01.2020","300,35","296,24","300,60","295,19","33,91M","2,28%"
"31.12.2019","293,65","289,93","293,68","289,52","25,25M","0,73%"
"30.12.2019","291,52","289,46","292,69","285,22","36,06M","0,59%"
"27.12.2019","289,80","291,12","293,97","288,12","36,59M","-0,04%"
"26.12.2019","289,91","284,82","289,98","284,70","23,33M","1,98%"
"24.12.2019","284,27","284,69","284,89","282,92","12,12M","0,10%"
"23.12.2019","284,00","280,53","284,25","280,37","24,68M","1,63%"
"20.12.2019","279,44","282,23","282,65","278,56","69,03M","-0,21%"
"19.12.2019","280,02","279,50","281,18","278,95","24,63M","0,10%"
"18.12.2019","279,74","279,80","281,90","279,12","29,02M","-0,24%"
"17.12.2019","280,41","279,57","281,77","278,80","28,58M","0,20%"
"16.12.2019","279,86","277,00","280,79","276,98","32,08M","1,71%"
"13.12.2019","275,15","271,46","275,30","270,93","33,43M","1,36%"
"12.12.2019","271,46","267,78","272,56","267,32","34,44M","0,25%"
"11.12.2019","270,77","268,81","271,10","268,50","19,72M","0,85%"
"10.12.2019","268,48","268,60","270,07","265,86","22,63M","0,58%"
"09.12.2019","266,92","270,00","270,80","264,91","32,18M","-1,40%"
"06.12.2019","270,71","267,48","271,00","267,30","26,55M","1,93%"
"05.12.2019","265,58","263,79","265,89","262,73","18,66M","1,47%"
"04.12.2019","261,74","261,07","263,31","260,68","16,81M","0,88%"
"03.12.2019","259,45","258,31","259,53","256,29","29,38M","-1,78%"
"02.12.2019","264,16","267,27","268,25","263,45","23,69M","-1,16%"
"29.11.2019","267,25","266,60","268,00","265,90","11,65M","-0,22%"
"27.11.2019","267,84","265,58","267,98","265,31","16,39M","1,34%"
"26.11.2019","264,29","266,94","267,16","262,50","26,33M","-0,78%"
"25.11.2019","266,37","262,71","266,44","262,52","21,03M","1,75%"
"22.11.2019","261,78","262,59","263,18","260,84","16,33M","-0,09%"
"21.11.2019","262,01","263,69","264,00","261,18","30,35M","-0,45%"
"20.11.2019","263,19","265,54","266,08","260,40","26,61M","-1,16%"
"19.11.2019","266,29","267,90","268,00","265,39","19,07M","-0,30%"
"18.11.2019","267,10","265,80","267,43","264,23","21,70M","0,50%"
"15.11.2019","265,76","263,68","265,78","263,01","25,09M","1,19%"
"14.11.2019","262,64","263,75","264,88","262,10","22,40M","-0,69%"
"13.11.2019","264,47","261,13","264,78","261,07","25,82M","0,96%"
"12.11.2019","261,96","261,55","262,79","260,92","21,85M","-0,09%"
"11.11.2019","262,20","258,30","262,47","258,28","20,51M","0,79%"
"08.11.2019","260,14","258,69","260,44","256,85","17,52M","0,27%"
"07.11.2019","259,43","258,74","260,35","258,11","23,74M","0,85%"
"06.11.2019","257,24","256,77","257,49","255,37","18,97M","0,04%"
"05.11.2019","257,13","257,05","258,19","256,32","19,97M","-0,14%"
"04.11.2019","257,50","257,33","257,85","255,38","25,82M","0,66%"
"01.11.2019","255,82","249,54","255,93","249,16","37,78M","2,84%"
"31.10.2019","248,76","247,24","249,17","237,26","34,79M","2,26%"
"30.10.2019","243,26","244,76","245,30","241,21","31,13M","-0,01%"
"29.10.2019","243,29","248,97","249,75","242,57","35,71M","-2,31%"
"28.10.2019","249,05","247,42","249,25","246,72","24,14M","1,00%"
"25.10.2019","246,58","243,16","246,73","242,88","18,37M","1,23%"
"24.10.2019","243,58","244,51","244,80","241,81","17,92M","0,16%"
"23.10.2019","243,18","242,10","243,24","241,22","19,93M","1,34%"
"22.10.2019","239,96","241,16","242,20","239,62","22,68M","-0,23%"
"21.10.2019","240,51","237,52","240,99","237,32","22,37M","1,73%"
"18.10.2019","236,41","234,59","237,58","234,29","24,38M","0,48%"
"17.10.2019","235,28","235,09","236,15","233,52","17,27M","0,39%"
"16.10.2019","234,37","233,37","235,24","233,20","19,29M","-0,40%"
"15.10.2019","235,32","236,39","237,65","234,88","23,04M","-0,23%"
"14.10.2019","235,87","234,90","238,13","234,67","24,41M","-0,14%"
"11.10.2019","236,21","232,95","237,64","232,31","41,99M","2,66%"
"10.10.2019","230,09","227,93","230,44","227,30","28,96M","1,35%"
"09.10.2019","227,03","227,03","227,79","225,64","19,03M","1,17%"
"08.10.2019","224,40","225,82","228,06","224,33","29,28M","-1,17%"
"07.10.2019","227,06","226,27","229,93","225,84","30,89M","0,02%"
"04.10.2019","227,01","225,64","227,49","223,89","34,76M","2,80%"
"03.10.2019","220,82","218,43","220,96","215,13","30,35M","0,85%"
"02.10.2019","218,96","223,06","223,58","217,93","35,77M","-2,51%"
"01.10.2019","224,59","225,07","228,22","224,20","36,19M","0,28%"
"30.09.2019","223,97","220,90","224,58","220,79","26,32M","2,35%"
"27.09.2019","218,82","220,54","220,96","217,28","25,36M","-0,49%"
"26.09.2019","219,89","220,00","220,94","218,83","19,09M","-0,52%"
"25.09.2019","221,03","218,55","221,50","217,14","22,48M","1,54%"
"24.09.2019","217,68","221,03","222,49","217,19","31,43M","-0,48%"
"23.09.2019","218,72","218,95","219,84","217,65","19,42M","0,45%"
"20.09.2019","217,73","221,38","222,56","217,47","57,98M","-1,46%"
"19.09.2019","220,96","222,01","223,76","220,37","22,19M","-0,81%"
"18.09.2019","222,77","221,06","222,85","219,44","25,64M","0,94%"
"17.09.2019","220,70","219,96","220,82","219,12","18,39M","0,36%"
"16.09.2019","219,90","217,73","220,13","217,56","21,16M","0,53%"
"13.09.2019","218,75","220,00","220,79","217,02","39,76M","-1,95%"
"12.09.2019","223,09","224,80","226,42","222,86","32,23M","-0,22%"
"11.09.2019","223,59","218,07","223,71","217,73","44,29M","3,18%"
"10.09.2019","216,70","213,86","216,78","211,71","31,78M","1,18%"
"09.09.2019","214,17","214,84","216,44","211,07","27,31M","0,43%"
"06.09.2019","213,26","214,05","214,42","212,51","19,36M","-0,01%"
"05.09.2019","213,28","212,00","213,97","211,51","23,95M","1,96%"
"04.09.2019","209,19","208,39","209,48","207,32","19,22M","1,70%"
"03.09.2019","205,70","206,43","206,98","204,22","20,06M","-1,46%"
"30.08.2019","208,74","210,16","210,45","207,20","21,16M","-0,13%"
"29.08.2019","209,01","208,50","209,32","206,66","21,01M","1,69%"
"28.08.2019","205,53","204,10","205,72","203,32","15,96M","0,67%"
"27.08.2019","204,16","207,86","208,55","203,53","25,90M","-1,13%"
"26.08.2019","206,49","205,86","207,19","205,06","26,07M","1,90%"
"23.08.2019","202,64","209,43","212,05","201,00","46,88M","-4,62%"
"22.08.2019","212,46","213,19","214,44","210,75","22,27M","-0,08%"
"21.08.2019","212,64","212,99","213,65","211,60","21,56M","1,08%"
"20.08.2019","210,36","210,88","213,35","210,32","26,92M","0,00%"
"19.08.2019","210,35","210,62","212,73","210,03","24,43M","1,86%"
"16.08.2019","206,50","204,28","207,16","203,84","28,81M","2,36%"
"15.08.2019","201,74","203,46","205,14","199,67","27,88M","-0,50%"
"14.08.2019","202,75","203,16","206,44","202,59","36,55M","-2,98%"
"13.08.2019","208,97","201,02","212,14","200,83","47,54M","4,23%"
"12.08.2019","200,48","199,62","202,05","199,15","22,48M","-0,25%"
"09.08.2019","200,99","201,30","202,76","199,29","24,62M","-1,20%"
"08.08.2019","203,43","200,20","203,53","199,39","27,01M","2,21%"
"07.08.2019","199,04","195,41","199,56","193,82","33,36M","1,04%"
"06.08.2019","197,00","196,31","198,07","194,04","35,82M","1,89%"
"05.08.2019","193,34","197,99","198,65","192,58","52,39M","-5,23%"
"02.08.2019","204,02","205,53","206,43","201,63","40,86M","-2,12%"
"01.08.2019","208,43","213,90","218,03","206,74","54,02M","-2,16%"
"31.07.2019","213,04","216,42","221,37","211,30","69,28M","2,04%"
"30.07.2019","208,78","208,76","210,16","207,31","33,94M","-0,43%"
"29.07.2019","209,68","208,46","210,64","208,44","21,67M","0,93%"
"26.07.2019","207,74","207,48","209,73","207,14","17,62M","0,35%"
"25.07.2019","207,02","208,89","209,24","206,73","13,91M","-0,79%"
"24.07.2019","208,67","207,67","209,15","207,17","14,99M","-0,08%"
"23.07.2019","208,84","208,46","208,91","207,29","18,36M","0,78%"
"22.07.2019","207,22","203,65","207,23","203,61","22,28M","2,29%"
"19.07.2019","202,59","205,79","206,50","202,36","20,93M","-1,49%"
"18.07.2019","205,66","204,00","205,88","203,70","18,58M","1,14%"
"17.07.2019","203,35","204,05","205,09","203,27","14,11M","-0,56%"
"16.07.2019","204,50","204,59","206,11","203,50","16,87M","-0,35%"
"15.07.2019","205,21","204,09","205,87","204,00","16,95M","0,94%"
"12.07.2019","203,30","202,45","204,00","202,20","17,60M","0,77%"
"11.07.2019","201,75","203,31","204,39","201,71","20,19M","-0,73%"
"10.07.2019","203,23","201,85","203,73","201,56","17,90M","0,99%"
"09.07.2019","201,24","199,20","201,51","198,81","20,58M","0,61%"
"08.07.2019","200,02","200,81","201,40","198,41","25,34M","-2,06%"
"05.07.2019","204,23","203,35","205,08","202,90","17,27M","-0,09%"
"03.07.2019","204,41","203,28","204,44","202,69","11,36M","0,83%"
"02.07.2019","202,73","201,41","203,13","201,36","16,94M","0,59%"
"01.07.2019","201,55","203,17","204,49","200,65","27,32M","1,83%"
"28.06.2019","197,92","198,68","199,50","197,05","31,11M","-0,91%"
"27.06.2019","199,74","200,29","201,57","199,57","20,90M","-0,03%"
"26.06.2019","199,80","197,77","200,99","197,35","26,07M","2,16%"
"25.06.2019","195,57","198,43","199,26","195,29","21,07M","-1,52%"
"24.06.2019","198,58","198,54","200,16","198,17","18,22M","-0,10%"
"21.06.2019","198,78","198,80","200,85","198,15","47,80M","-0,34%"
"20.06.2019","199,46","200,37","200,61","198,03","21,51M","0,80%"
"19.06.2019","197,87","199,68","199,88","197,31","21,12M","-0,29%"
"18.06.2019","198,45","196,05","200,29","195,21","26,55M","2,35%"
"17.06.2019","193,89","192,90","194,96","192,17","14,67M","0,60%"
"14.06.2019","192,74","191,54","193,59","190,30","18,76M","-0,73%"
"13.06.2019","194,15","194,70","196,79","193,60","21,67M","-0,02%"
"12.06.2019","194,19","193,95","195,97","193,38","18,25M","-0,32%"
"11.06.2019","194,81","194,86","196,00","193,60","26,93M","1,16%"
"10.06.2019","192,58","191,81","195,37","191,62","26,22M","1,28%"
"07.06.2019","190,15","186,51","191,92","185,77","30,68M","2,66%"
"06.06.2019","185,22","183,08","185,47","182,15","22,53M","1,47%"
"05.06.2019","182,54","184,28","184,99","181,14","29,77M","1,61%"
"04.06.2019","179,64","175,44","179,83","174,52","30,97M","3,66%"
"03.06.2019","173,30","175,60","177,92","170,27","40,40M","-1,01%"
"31.05.2019","175,07","176,23","177,99","174,99","27,04M","-1,81%"
"30.05.2019","178,30","177,95","179,23","176,67","21,22M","0,52%"
"29.05.2019","177,38","176,42","179,35","176,00","28,48M","-0,48%"
"28.05.2019","178,23","178,92","180,59","177,91","27,95M","-0,41%"
"24.05.2019","178,97","180,20","182,14","178,62","23,71M","-0,38%"
"23.05.2019","179,66","179,80","180,54","177,81","36,53M","-1,71%"
"22.05.2019","182,78","184,66","185,71","182,55","29,75M","-2,05%"
"21.05.2019","186,60","185,22","188,00","184,70","28,36M","1,92%"
"20.05.2019","183,09","183,52","184,35","180,28","38,61M","-3,13%"
"17.05.2019","189,00","186,93","190,90","186,76","32,88M","-0,57%"
"16.05.2019","190,08","189,91","192,47","188,84","33,03M","-0,44%"
"15.05.2019","190,92","186,27","191,75","186,02","26,54M","1,20%"
"14.05.2019","188,66","186,41","189,70","185,41","36,53M","1,58%"
"13.05.2019","185,72","187,71","189,48","182,85","57,43M","-5,81%"
"10.05.2019","197,18","197,42","198,85","192,77","41,21M","-1,76%"
"09.05.2019","200,72","200,40","201,68","196,66","34,91M","-1,07%"
"08.05.2019","202,90","201,90","205,34","201,75","26,34M","0,02%"
"07.05.2019","202,86","205,88","207,42","200,82","38,76M","-2,70%"
"06.05.2019","208,48","204,29","208,84","203,50","32,44M","-1,54%"
"03.05.2019","211,75","210,89","211,84","210,23","20,89M","1,24%"
"02.05.2019","209,15","209,84","212,65","208,13","32,00M","-0,65%"
"01.05.2019","210,52","209,88","215,31","209,23","64,83M","4,91%"
"30.04.2019","200,67","203,06","203,40","199,11","46,53M","-1,93%"
"29.04.2019","204,61","204,40","205,97","203,86","22,20M","0,15%"
"26.04.2019","204,30","204,90","205,00","202,12","18,65M","-0,48%"
"25.04.2019","205,28","206,83","207,76","205,12","18,54M","-0,91%"
"24.04.2019","207,16","207,36","208,48","207,05","17,54M","-0,15%"
"23.04.2019","207,48","204,43","207,75","203,90","23,32M","1,44%"
"22.04.2019","204,53","202,83","204,94","202,34","19,44M","0,33%"
"18.04.2019","203,86","203,12","204,15","202,52","24,20M","0,36%"
"17.04.2019","203,13","199,54","203,38","198,61","28,91M","1,95%"
"16.04.2019","199,25","199,46","201,37","198,56","25,70M","0,01%"
"15.04.2019","199,23","198,58","199,85","198,01","17,54M","0,18%"
"12.04.2019","198,87","199,20","200,14","196,21","27,76M","-0,04%"
"11.04.2019","198,95","200,85","201,00","198,44","20,90M","-0,83%"
"10.04.2019","200,62","198,68","200,74","198,18","21,70M","0,56%"
"09.04.2019","199,50","200,32","202,85","199,23","35,77M","-0,30%"
"08.04.2019","200,10","196,42","200,23","196,34","25,88M","1,57%"
"05.04.2019","197,00","196,45","197,10","195,93","18,53M","0,67%"
"04.04.2019","195,69","194,79","196,37","193,14","19,11M","0,17%"
"03.04.2019","195,35","193,25","196,50","193,15","23,27M","0,69%"
"02.04.2019","194,02","191,09","194,46","191,05","22,77M","1,45%"
"01.04.2019","191,24","191,64","191,68","188,38","27,86M","0,68%"
"29.03.2019","189,95","189,83","190,08","188,54","23,56M","0,65%"
"28.03.2019","188,72","188,95","189,56","187,53","20,78M","0,13%"
"27.03.2019","188,47","188,75","189,76","186,55","29,85M","0,90%"
"26.03.2019","186,79","191,66","192,88","184,58","49,80M","-1,03%"
"25.03.2019","188,74","191,51","191,98","186,60","43,85M","-1,21%"
"22.03.2019","191,05","195,34","197,69","190,78","42,41M","-2,07%"
"21.03.2019","195,09","190,02","196,33","189,81","51,03M","3,68%"
"20.03.2019","188,16","186,23","189,49","184,73","31,04M","0,87%"
"19.03.2019","186,53","188,35","188,99","185,92","31,65M","-0,79%"
"18.03.2019","188,02","185,80","188,39","185,79","26,22M","1,02%"
"15.03.2019","186,12","184,85","187,33","183,74","39,04M","1,30%"
"14.03.2019","183,73","183,90","184,10","182,56","23,58M","1,11%"
"13.03.2019","181,71","182,25","183,30","180,92","31,03M","0,44%"
"12.03.2019","180,91","180,00","182,67","179,37","32,47M","1,12%"
"11.03.2019","178,90","175,49","179,12","175,35","32,01M","3,46%"
"08.03.2019","172,91","170,32","173,07","169,50","24,00M","0,24%"
"07.03.2019","172,50","173,87","174,44","172,02","24,80M","-1,16%"
"06.03.2019","174,52","174,67","175,49","173,94","20,81M","-0,58%"
"05.03.2019","175,53","175,94","176,00","174,54","19,74M","-0,18%"
"04.03.2019","175,85","175,69","177,75","173,97","27,44M","0,50%"
"01.03.2019","174,97","174,28","175,15","172,89","25,89M","1,05%"
"28.02.2019","173,15","174,32","174,91","172,92","28,22M","-0,98%"
"27.02.2019","174,87","173,21","175,00","172,73","27,84M","0,31%"
"26.02.2019","174,33","173,71","175,30","173,17","17,07M","0,06%"
"25.02.2019","174,23","174,16","175,87","173,95","21,87M","0,73%"
"22.02.2019","172,97","171,58","173,00","171,38","18,91M","1,12%"
"21.02.2019","171,06","171,80","172,37","170,30","17,25M","-0,56%"
"20.02.2019","172,03","171,19","173,32","170,99","26,11M","0,64%"
"19.02.2019","170,93","169,71","171,44","169,49","18,97M","0,30%"
"15.02.2019","170,42","171,25","171,70","169,75","24,63M","-0,22%"
"14.02.2019","170,80","169,71","171,26","169,38","21,84M","0,36%"
"13.02.2019","170,18","171,39","172,48","169,92","22,49M","-0,42%"
"12.02.2019","170,89","170,10","171,00","169,70","22,28M","0,86%"
"11.02.2019","169,43","171,05","171,21","169,25","20,99M","-0,58%"
"08.02.2019","170,41","168,99","170,66","168,42","23,82M","-0,31%"
"07.02.2019","170,94","172,40","173,94","170,34","31,74M","-1,89%"
"06.02.2019","174,24","174,65","175,57","172,85","28,24M","0,03%"
"05.02.2019","174,18","172,86","175,08","172,35","36,10M","1,71%"
"04.02.2019","171,25","167,41","171,66","167,28","31,50M","2,84%"
"01.02.2019","166,52","166,96","168,98","165,93","32,67M","0,05%"
"31.01.2019","166,44","166,11","169,00","164,56","40,74M","0,72%"
"30.01.2019","165,25","163,25","166,15","160,23","61,11M","6,83%"
"29.01.2019","154,68","156,25","158,13","154,11","41,59M","-1,04%"
"28.01.2019","156,30","155,79","156,33","153,66","26,19M","-0,93%"
"25.01.2019","157,76","155,48","158,13","154,32","33,55M","3,31%"
"24.01.2019","152,70","154,11","154,48","151,74","25,44M","-0,79%"
"23.01.2019","153,92","154,15","155,14","151,70","23,13M","0,40%"
"22.01.2019","153,30","156,41","156,73","152,62","30,39M","-2,24%"
"18.01.2019","156,82","157,50","157,88","155,98","33,75M","0,62%"
"17.01.2019","155,86","154,20","157,66","153,26","29,82M","0,59%"
"16.01.2019","154,94","153,08","155,88","153,00","30,57M","1,22%"
"15.01.2019","153,07","150,27","153,39","150,05","28,71M","2,05%"
"14.01.2019","150,00","150,85","151,27","149,22","32,44M","-1,50%"
"11.01.2019","152,29","152,88","153,70","151,51","27,02M","-0,98%"
"10.01.2019","153,80","152,50","153,97","150,86","35,78M","0,32%"
"09.01.2019","153,31","151,29","154,53","149,63","45,10M","1,70%"
"08.01.2019","150,75","149,56","151,82","148,52","41,03M","1,91%"
"07.01.2019","147,93","148,70","148,83","145,90","54,78M","-0,22%"
"04.01.2019","148,26","144,53","148,55","143,80","58,61M","4,27%"
"03.01.2019","142,19","143,98","145,72","142,00","91,31M","-9,96%"
"02.01.2019","157,92","154,89","158,85","154,23","37,04M","0,11%"
"31.12.2018","157,74","158,53","159,36","156,48","35,00M","0,97%"
"28.12.2018","156,23","157,50","158,52","154,55","42,29M","0,05%"
"27.12.2018","156,15","155,84","156,77","150,07","53,12M","-0,65%"
"26.12.2018","157,17","148,30","157,23","146,72","58,58M","7,04%"
"24.12.2018","146,83","148,15","151,55","146,59","37,17M","-2,59%"
"21.12.2018","150,73","156,86","158,16","149,63","95,74M","-3,89%"
"20.12.2018","156,83","160,40","162,11","155,30","64,77M","-2,52%"
"19.12.2018","160,89","166,00","167,45","159,09","49,05M","-3,12%"
"18.12.2018","166,07","165,38","167,53","164,39","33,84M","1,30%"
"17.12.2018","163,94","165,45","168,35","162,73","44,29M","-0,93%"
"14.12.2018","165,48","169,00","169,08","165,28","40,70M","-3,20%"
"13.12.2018","170,95","170,49","172,57","169,55","31,90M","1,09%"
"12.12.2018","169,10","170,40","171,92","169,02","35,63M","0,28%"
"11.12.2018","168,63","171,66","171,79","167,00","47,28M","-0,57%"
"10.12.2018","169,60","165,00","170,09","163,33","62,03M","0,66%"
"07.12.2018","168,49","173,49","174,49","168,30","42,28M","-3,57%"
"06.12.2018","174,72","171,76","174,78","170,42","43,10M","-1,11%"
"04.12.2018","176,69","180,95","182,39","176,27","41,34M","-4,40%"
"03.12.2018","184,82","184,46","184,94","181,21","40,80M","3,49%"
"30.11.2018","178,58","180,29","180,33","177,03","39,53M","-0,54%"
"29.11.2018","179,55","182,66","182,80","177,70","41,77M","-0,77%"
"28.11.2018","180,94","176,73","181,29","174,93","46,06M","3,85%"
"27.11.2018","174,24","171,51","174,77","170,88","41,39M","-0,22%"
"26.11.2018","174,62","174,24","174,95","170,26","45,00M","1,35%"
"23.11.2018","172,29","174,94","176,59","172,10","23,62M","-2,54%"
"21.11.2018","176,78","179,73","180,27","176,55","31,12M","-0,11%"
"20.11.2018","176,98","178,37","181,47","175,51","67,83M","-4,78%"
"19.11.2018","185,86","190,00","190,70","184,99","41,92M","-3,96%"
"16.11.2018","193,53","190,50","194,97","189,46","36,93M","1,11%"
"15.11.2018","191,41","188,39","191,97","186,90","46,48M","2,47%"
"14.11.2018","186,80","193,90","194,48","185,93","60,80M","-2,82%"
"13.11.2018","192,23","191,63","197,18","191,45","46,88M","-1,00%"
"12.11.2018","194,17","199,00","199,85","193,79","51,14M","-5,04%"
"09.11.2018","204,47","205,55","206,01","202,25","34,37M","-1,93%"
"08.11.2018","208,49","209,98","210,12","206,75","25,36M","-0,70%"
"07.11.2018","209,95","205,97","210,06","204,13","33,42M","3,03%"
"06.11.2018","203,77","201,92","204,72","201,69","31,88M","1,08%"
"05.11.2018","201,59","204,30","204,39","198,17","66,16M","-2,84%"
"02.11.2018","207,48","209,55","213,65","205,43","91,33M","-6,63%"
"01.11.2018","222,22","219,05","222,36","216,81","58,32M","1,54%"
"31.10.2018","218,86","216,88","220,45","216,62","38,36M","2,61%"
"30.10.2018","213,30","211,15","215,18","209,27","36,66M","0,50%"
"29.10.2018","212,24","219,19","219,69","206,09","45,94M","-1,88%"
"26.10.2018","216,30","215,90","220,19","212,67","47,26M","-1,59%"
"25.10.2018","219,80","217,71","221,38","216,75","29,86M","2,19%"
"24.10.2018","215,09","222,60","224,23","214,54","40,93M","-3,43%"
"23.10.2018","222,73","215,83","223,25","214,70","38,77M","0,94%"
"22.10.2018","220,65","219,79","223,36","218,94","28,79M","0,61%"
"19.10.2018","219,31","218,06","221,26","217,43","33,08M","1,52%"
"18.10.2018","216,02","217,86","219,74","213,00","32,58M","-2,34%"
"17.10.2018","221,19","222,30","222,64","219,34","22,89M","-0,43%"
"16.10.2018","222,15","218,93","222,99","216,76","29,18M","2,20%"
"15.10.2018","217,36","221,16","221,83","217,27","30,79M","-2,14%"
"12.10.2018","222,11","220,42","222,88","216,84","40,34M","3,57%"
"11.10.2018","214,45","214,52","219,50","212,32","53,12M","-0,88%"
"10.10.2018","216,36","225,46","226,35","216,05","41,99M","-4,63%"
"09.10.2018","226,87","223,64","227,27","222,25","26,89M","1,39%"
"08.10.2018","223,77","222,21","224,80","220,20","29,66M","-0,23%"
"05.10.2018","224,29","227,96","228,41","220,58","33,58M","-1,62%"
"04.10.2018","227,99","230,78","232,35","226,73","32,04M","-1,76%"
"03.10.2018","232,07","230,05","233,47","229,78","28,65M","1,22%"
"02.10.2018","229,28","227,25","230,00","226,63","24,79M","0,89%"
"01.10.2018","227,26","227,95","229,42","226,35","23,60M","0,67%"
"28.09.2018","225,74","224,79","225,84","224,02","22,93M","0,35%"
"27.09.2018","224,95","223,82","226,44","223,54","30,18M","2,06%"
"26.09.2018","220,42","221,00","223,75","219,76","23,98M","-0,80%"
"25.09.2018","222,19","219,75","222,82","219,70","24,55M","0,63%"
"24.09.2018","220,79","216,82","221,26","216,63","27,69M","1,44%"
"21.09.2018","217,66","220,78","221,36","217,29","96,25M","-1,08%"
"20.09.2018","220,03","220,24","222,28","219,15","26,61M","0,76%"
"19.09.2018","218,37","218,50","219,62","215,30","27,12M","0,06%"
"18.09.2018","218,24","217,79","221,85","217,12","31,57M","0,17%"
"17.09.2018","217,88","222,15","222,95","217,27","37,20M","-2,66%"
"14.09.2018","223,84","225,75","226,84","222,52","32,00M","-1,14%"
"13.09.2018","226,41","223,52","228,35","222,57","41,71M","2,42%"
"12.09.2018","221,07","224,94","225,00","219,84","49,28M","-1,24%"
"11.09.2018","223,85","218,01","224,30","216,56","35,75M","2,53%"
"10.09.2018","218,33","220,95","221,85","216,47","39,52M","-1,34%"
"07.09.2018","221,30","221,85","225,37","220,71","37,62M","-0,81%"
"06.09.2018","223,10","226,23","227,35","221,30","34,29M","-1,66%"
"05.09.2018","226,87","228,99","229,67","225,10","33,33M","-0,65%"
"04.09.2018","228,36","228,41","229,18","226,63","27,39M","0,32%"
"31.08.2018","227,63","226,51","228,87","226,00","43,34M","1,16%"
"30.08.2018","225,03","223,25","228,26","222,40","48,79M","0,92%"
"29.08.2018","222,98","220,15","223,49","219,41","27,25M","1,49%"
"28.08.2018","219,70","219,01","220,54","218,92","22,78M","0,81%"
"27.08.2018","217,94","217,15","218,74","216,33","20,53M","0,82%"
"24.08.2018","216,16","216,60","216,90","215,11","18,48M","0,31%"
"23.08.2018","215,49","214,65","217,05","214,60","18,88M","0,20%"
"22.08.2018","215,05","214,10","216,36","213,84","19,02M","0,00%"
"21.08.2018","215,04","216,80","217,19","214,03","26,16M","-0,19%"
"20.08.2018","215,46","218,10","219,18","215,11","30,29M","-0,97%"
"17.08.2018","217,58","213,44","217,95","213,16","35,43M","2,00%"
"16.08.2018","213,32","211,75","213,81","211,47","28,50M","1,46%"
"15.08.2018","210,24","209,22","210,74","208,33","28,81M","0,23%"
"14.08.2018","209,75","210,16","210,56","208,26","20,75M","0,42%"
"13.08.2018","208,87","207,70","210,95","207,70","25,89M","0,65%"
"10.08.2018","207,53","207,36","209,10","206,67","24,61M","-0,65%"
"09.08.2018","208,88","207,28","209,78","207,20","23,49M","0,79%"
"08.08.2018","207,25","206,05","207,81","204,52","22,53M","0,07%"
"07.08.2018","207,11","209,32","209,50","206,76","25,59M","-0,94%"
"06.08.2018","209,07","208,00","209,25","207,07","25,43M","0,52%"
"03.08.2018","207,99","207,03","208,74","205,48","33,45M","0,29%"
"02.08.2018","207,39","200,58","208,38","200,35","62,40M","2,92%"
"01.08.2018","201,50","199,13","201,76","197,31","67,94M","5,89%"
"31.07.2018","190,29","190,30","192,14","189,34","39,37M","0,20%"
"30.07.2018","189,91","191,90","192,20","189,07","21,03M","-0,56%"
"27.07.2018","190,98","194,99","195,19","190,10","24,02M","-1,66%"
"26.07.2018","194,21","194,61","195,96","193,61","19,08M","-0,31%"
"25.07.2018","194,82","193,06","194,85","192,43","16,83M","0,94%"
"24.07.2018","193,00","192,45","193,66","192,05","18,70M","0,73%"
"23.07.2018","191,61","190,68","191,96","189,56","15,99M","0,09%"
"20.07.2018","191,44","191,78","192,43","190,17","20,71M","-0,23%"
"19.07.2018","191,88","189,69","192,55","189,69","20,29M","0,78%"
"18.07.2018","190,40","191,78","191,80","189,93","16,39M","-0,55%"
"17.07.2018","191,45","189,75","191,87","189,20","15,53M","0,28%"
"16.07.2018","190,91","191,52","192,65","190,41","15,04M","-0,22%"
"13.07.2018","191,33","191,08","191,84","190,90","12,52M","0,16%"
"12.07.2018","191,03","189,53","191,41","189,31","18,04M","1,68%"
"11.07.2018","187,88","188,50","189,78","187,61","18,83M","-1,30%"
"10.07.2018","190,35","190,71","191,28","190,18","15,94M","-0,12%"
"09.07.2018","190,58","189,50","190,68","189,30","19,76M","1,39%"
"06.07.2018","187,97","185,42","188,43","185,20","17,49M","1,39%"
"05.07.2018","185,40","185,26","186,41","184,28","16,60M","0,80%"
"03.07.2018","183,92","187,79","187,95","183,54","13,95M","-1,74%"
"02.07.2018","187,18","183,82","187,30","183,42","17,73M","1,12%"
"29.06.2018","185,11","186,29","187,19","182,91","22,74M","-0,21%"
"28.06.2018","185,50","184,10","186,21","183,80","17,37M","0,73%"
"27.06.2018","184,16","185,23","187,28","184,03","25,29M","-0,15%"
"26.06.2018","184,43","182,99","186,53","182,54","24,57M","1,24%"
"25.06.2018","182,17","183,40","184,92","180,73","31,66M","-1,49%"
"22.06.2018","184,92","186,12","186,15","184,70","27,20M","-0,29%"
"21.06.2018","185,46","187,25","188,35","184,94","25,71M","-0,56%"
"20.06.2018","186,50","186,35","187,20","185,73","20,63M","0,44%"
"19.06.2018","185,69","185,14","186,33","183,45","33,58M","-1,62%"
"18.06.2018","188,74","187,88","189,22","187,20","18,48M","-0,05%"
"15.06.2018","188,84","190,03","190,16","188,26","61,72M","-1,03%"
"14.06.2018","190,80","191,55","191,57","190,22","21,61M","0,05%"
"13.06.2018","190,70","192,42","192,88","190,44","21,64M","-0,82%"
"12.06.2018","192,28","191,38","192,61","191,15","16,91M","0,55%"
"11.06.2018","191,23","191,35","191,97","190,21","18,31M","-0,25%"
"08.06.2018","191,70","191,17","192,00","189,77","26,66M","-0,91%"
"07.06.2018","193,46","194,14","194,20","192,34","21,35M","-0,27%"
"06.06.2018","193,98","193,63","194,08","191,92","20,93M","0,35%"
"05.06.2018","193,31","193,06","193,94","192,36","21,57M","0,77%"
"04.06.2018","191,83","191,63","193,42","191,35","26,27M","0,84%"
"01.06.2018","190,24","187,99","190,26","187,75","23,44M","1,80%"
"31.05.2018","186,87","187,22","188,23","186,14","27,48M","-0,34%"
"30.05.2018","187,50","187,72","188,00","186,78","18,69M","-0,21%"
"29.05.2018","187,90","187,60","188,75","186,87","22,51M","-0,36%"
"25.05.2018","188,58","188,23","189,65","187,65","17,46M","0,23%"
"24.05.2018","188,15","188,77","188,84","186,21","23,23M","-0,11%"
"23.05.2018","188,36","186,35","188,50","185,76","20,06M","0,64%"
"22.05.2018","187,16","188,38","188,88","186,78","15,24M","-0,25%"
"21.05.2018","187,63","188,00","189,27","186,91","18,40M","0,71%"
"18.05.2018","186,31","187,19","187,81","186,13","18,30M","-0,36%"
"17.05.2018","186,99","188,00","188,91","186,36","17,29M","-0,63%"
"16.05.2018","188,18","186,07","188,46","186,00","19,18M","0,93%"
"15.05.2018","186,44","186,78","187,07","185,10","23,70M","-0,91%"
"14.05.2018","188,15","189,01","189,53","187,86","20,78M","-0,23%"
"11.05.2018","188,59","189,49","190,06","187,45","26,21M","-0,76%"
"10.05.2018","190,04","187,74","190,37","187,65","27,99M","1,43%"
"09.05.2018","187,36","186,55","187,40","185,22","23,21M","0,70%"
"08.05.2018","186,05","184,99","186,22","183,66","28,40M","0,48%"
"07.05.2018","185,16","185,18","187,67","184,75","42,45M","0,72%"
"04.05.2018","183,83","178,25","184,25","178,17","56,20M","3,92%"
"03.05.2018","176,89","175,88","177,50","174,44","34,07M","0,18%"
"02.05.2018","176,57","175,22","177,75","173,80","66,54M","4,42%"
"01.05.2018","169,10","166,41","169,20","165,27","53,57M","2,32%"
"30.04.2018","165,26","162,13","167,26","161,84","42,43M","1,81%"
"27.04.2018","162,32","164,00","164,33","160,63","35,66M","-1,16%"
"26.04.2018","164,22","164,12","165,73","163,37","27,96M","0,35%"
"25.04.2018","163,65","162,62","165,42","162,41","28,38M","0,44%"
"24.04.2018","162,94","165,67","166,33","161,22","33,69M","-1,39%"
"23.04.2018","165,24","166,83","166,92","164,09","36,52M","-0,29%"
"20.04.2018","165,72","170,59","171,22","165,43","65,49M","-4,10%"
"19.04.2018","172,80","174,95","175,39","172,66","34,81M","-2,83%"
"18.04.2018","177,84","177,81","178,82","176,88","20,75M","-0,22%"
"17.04.2018","178,24","176,49","178,94","176,41","26,61M","1,38%"
"16.04.2018","175,82","175,03","176,19","174,83","21,58M","0,62%"
"13.04.2018","174,73","174,78","175,84","173,85","25,12M","0,34%"
"12.04.2018","174,14","173,41","175,00","173,04","22,89M","0,99%"
"11.04.2018","172,44","172,23","173,92","171,70","22,43M","-0,47%"
"10.04.2018","173,25","173,00","174,00","171,53","28,61M","1,88%"
"09.04.2018","170,05","169,88","173,09","169,84","29,02M","0,99%"
"06.04.2018","168,38","170,97","172,48","168,20","35,01M","-2,56%"
"05.04.2018","172,80","172,58","174,23","172,08","26,93M","0,69%"
"04.04.2018","171,61","164,88","172,01","164,77","34,61M","1,91%"
"03.04.2018","168,39","167,64","168,75","164,88","30,28M","1,03%"
"02.04.2018","166,68","167,88","168,94","164,47","37,59M","-0,66%"
"29.03.2018","167,78","167,81","171,75","166,90","38,40M","0,78%"
"28.03.2018","166,48","167,25","170,02","165,19","41,67M","-1,10%"
"27.03.2018","168,34","173,68","175,15","166,92","40,92M","-2,56%"
"26.03.2018","172,77","168,07","173,10","166,44","37,54M","4,75%"
"23.03.2018","164,94","168,39","169,92","164,94","41,03M","-2,32%"
"22.03.2018","168,85","170,00","172,68","168,60","41,49M","-1,41%"
"21.03.2018","171,27","175,04","175,09","171,26","37,05M","-2,27%"
"20.03.2018","175,24","175,24","176,80","174,94","19,65M","-0,03%"
"19.03.2018","175,30","177,32","177,47","173,66","33,45M","-1,53%"
"16.03.2018","178,02","178,65","179,12","177,62","39,40M","-0,35%"
"15.03.2018","178,65","178,50","180,24","178,07","22,74M","0,12%"
"14.03.2018","178,44","180,32","180,52","177,81","29,37M","-0,85%"
"13.03.2018","179,97","182,59","183,50","179,24","31,69M","-0,96%"
"12.03.2018","181,72","180,29","182,39","180,21","32,21M","0,97%"
"09.03.2018","179,98","177,96","180,00","177,39","32,19M","1,72%"
"08.03.2018","176,94","175,48","177,12","175,07","23,77M","1,09%"
"07.03.2018","175,03","174,94","175,85","174,27","31,70M","-0,93%"
"06.03.2018","176,67","177,91","178,25","176,13","23,79M","-0,08%"
"05.03.2018","176,82","175,21","177,74","174,52","28,40M","0,35%"
"02.03.2018","176,21","172,80","176,30","172,45","38,45M","0,69%"
"01.03.2018","175,00","178,54","179,78","172,66","48,80M","-1,75%"
"28.02.2018","178,12","179,26","180,62","178,05","37,78M","-0,15%"
"27.02.2018","178,39","179,10","180,48","178,16","38,93M","-0,32%"
"26.02.2018","178,97","176,35","179,39","176,21","38,16M","1,98%"
"23.02.2018","175,50","173,67","175,65","173,54","33,81M","1,74%"
"22.02.2018","172,50","171,80","173,95","171,71","30,99M","0,84%"
"21.02.2018","171,07","172,83","174,12","171,01","37,47M","-0,45%"
"20.02.2018","171,85","172,05","174,26","171,42","33,93M","-0,34%"
"16.02.2018","172,43","172,36","174,82","171,77","40,18M","-0,32%"
"15.02.2018","172,99","169,79","173,09","169,00","51,15M","3,36%"
"14.02.2018","167,37","163,04","167,54","162,88","40,64M","1,84%"
"13.02.2018","164,34","161,95","164,75","161,65","32,55M","1,00%"
"12.02.2018","162,71","158,50","163,89","157,51","60,82M","4,03%"
"09.02.2018","156,41","157,07","157,89","150,24","70,67M","0,81%"
"08.02.2018","155,15","160,29","161,00","155,03","54,39M","-2,75%"
"07.02.2018","159,54","163,09","163,40","159,07","51,61M","-2,14%"
"06.02.2018","163,03","154,83","163,72","154,00","68,24M","4,18%"
"05.02.2018","156,49","159,10","163,88","156,00","72,74M","-2,50%"
"02.02.2018","160,50","166,00","166,80","160,10","86,59M","-4,34%"
"01.02.2018","167,78","167,16","168,62","166,76","47,23M","0,21%"
"31.01.2018","167,43","166,87","168,44","166,50","32,48M","0,28%"
"30.01.2018","166,97","165,53","167,37","164,70","46,05M","-0,59%"
"29.01.2018","167,96","170,16","170,16","167,07","50,64M","-2,07%"
"26.01.2018","171,51","172,00","172,00","170,06","39,14M","0,23%"
"25.01.2018","171,11","174,50","174,95","170,53","41,53M","-1,79%"
"24.01.2018","174,22","177,25","177,30","173,20","51,11M","-1,59%"
"23.01.2018","177,04","177,30","179,44","176,82","32,69M","0,02%"
"22.01.2018","177,00","177,30","177,78","176,60","27,11M","-0,82%"
"19.01.2018","178,46","178,61","179,58","177,41","32,43M","-0,45%"
"18.01.2018","179,26","179,37","180,10","178,25","31,19M","0,09%"
"17.01.2018","179,10","176,15","179,25","175,07","34,39M","1,65%"
"16.01.2018","176,19","177,90","179,39","176,14","29,57M","-0,51%"
"12.01.2018","177,09","176,18","177,36","175,65","25,42M","1,03%"
"11.01.2018","175,28","174,59","175,49","174,49","18,67M","0,57%"
"10.01.2018","174,29","173,16","174,30","173,00","23,96M","-0,02%"
"09.01.2018","174,33","174,55","175,06","173,41","21,58M","-0,01%"
"08.01.2018","174,35","174,35","175,61","173,93","20,57M","-0,37%"
"05.01.2018","175,00","173,44","175,37","173,05","23,66M","1,14%"
"04.01.2018","173,03","172,54","173,47","172,08","22,43M","0,46%"
"03.01.2018","172,23","172,53","174,55","171,96","29,52M","-0,02%"
"02.01.2018","172,26","170,16","172,30","169,26","25,56M","1,79%"
"29.12.2017","169,23","170,52","170,59","169,22","26,00M","-1,08%"
"28.12.2017","171,08","171,00","171,85","170,48","16,48M","0,28%"
"27.12.2017","170,60","170,10","170,78","169,71","21,50M","0,02%"
"26.12.2017","170,57","170,80","171,47","169,68","33,19M","-2,54%"
"22.12.2017","175,01","174,68","175,42","174,50","16,35M","0,00%"
"21.12.2017","175,01","174,17","176,02","174,10","20,95M","0,38%"
"20.12.2017","174,35","174,87","175,42","173,25","23,48M","-0,11%"
"19.12.2017","174,54","175,03","175,39","174,09","27,44M","-1,07%"
"18.12.2017","176,42","174,88","177,20","174,86","29,42M","1,41%"
"15.12.2017","173,97","173,63","174,17","172,46","40,17M","1,02%"
"14.12.2017","172,22","172,40","173,13","171,65","20,48M","-0,03%"
"13.12.2017","172,27","172,50","173,54","172,00","23,82M","0,33%"
"12.12.2017","171,70","172,15","172,39","171,46","19,41M","-0,56%"
"11.12.2017","172,67","169,20","172,89","168,79","35,27M","1,95%"
"08.12.2017","169,37","170,49","171,00","168,82","23,36M","0,03%"
"07.12.2017","169,32","169,03","170,44","168,91","25,67M","0,18%"
"06.12.2017","169,01","167,50","170,20","166,46","28,56M","-0,37%"
"05.12.2017","169,64","169,06","171,52","168,40","27,35M","-0,09%"
"04.12.2017","169,80","172,48","172,62","169,63","32,54M","-0,73%"
"01.12.2017","171,05","169,95","171,67","168,50","39,76M","-0,47%"
"30.11.2017","171,85","170,43","172,14","168,44","41,53M","1,40%"
"29.11.2017","169,48","172,63","172,92","167,16","41,67M","-2,07%"
"28.11.2017","173,07","174,30","174,87","171,86","26,43M","-0,59%"
"27.11.2017","174,09","175,05","175,08","173,34","20,72M","-0,50%"
"24.11.2017","174,97","175,10","175,50","174,65","14,03M","0,01%"
"22.11.2017","174,96","173,36","175,00","173,05","25,59M","1,05%"
"21.11.2017","173,14","170,78","173,70","170,78","25,13M","1,86%"
"20.11.2017","169,98","170,29","170,56","169,56","16,26M","-0,10%"
"17.11.2017","170,15","171,04","171,39","169,64","21,90M","-0,56%"
"16.11.2017","171,10","171,18","171,87","170,30","23,64M","1,19%"
"15.11.2017","169,08","169,97","170,32","168,38","29,16M","-1,32%"
"14.11.2017","171,34","173,04","173,48","171,18","24,78M","-1,51%"
"13.11.2017","173,97","173,50","174,50","173,40","16,98M","-0,40%"
"10.11.2017","174,67","175,11","175,38","174,27","25,15M","-0,69%"
"09.11.2017","175,88","175,11","176,09","173,14","29,48M","-0,20%"
"08.11.2017","176,24","174,66","176,24","174,33","24,41M","0,82%"
"07.11.2017","174,81","173,91","175,25","173,60","24,36M","0,32%"
"06.11.2017","174,25","172,37","174,99","171,72","35,03M","1,01%"
"03.11.2017","172,50","174,00","174,26","171,12","59,40M","2,61%"
"02.11.2017","168,11","167,64","168,50","165,28","41,39M","0,73%"
"01.11.2017","166,89","169,87","169,94","165,61","33,64M","-1,27%"
"31.10.2017","169,04","167,90","169,65","166,94","36,05M","1,39%"
"30.10.2017","166,72","163,89","168,07","163,72","44,70M","2,25%"
"27.10.2017","163,05","159,29","163,60","158,70","44,45M","3,58%"
"26.10.2017","157,41","157,23","157,83","156,78","17,00M","0,64%"
"25.10.2017","156,41","156,91","157,55","155,27","21,21M","-0,44%"
"24.10.2017","157,10","156,29","157,42","156,20","17,76M","0,60%"
"23.10.2017","156,17","156,89","157,69","155,50","21,98M","-0,05%"
"20.10.2017","156,25","156,61","157,75","155,96","23,97M","0,17%"
"19.10.2017","155,98","156,75","157,08","155,02","42,58M","-2,37%"
"18.10.2017","159,76","160,42","160,71","159,60","16,37M","-0,44%"
"17.10.2017","160,47","159,78","160,87","159,23","19,00M","0,37%"
"16.10.2017","159,88","157,90","160,00","157,65","24,12M","1,84%"
"13.10.2017","156,99","156,73","157,28","156,41","16,39M","0,63%"
"12.10.2017","156,00","156,35","157,37","155,73","16,13M","-0,35%"
"11.10.2017","156,55","155,97","156,98","155,75","16,91M","0,42%"
"10.10.2017","155,90","156,06","158,00","155,10","15,62M","0,04%"
"09.10.2017","155,84","155,81","156,73","155,49","16,26M","0,35%"
"06.10.2017","155,30","154,97","155,49","154,56","17,41M","-0,06%"
"05.10.2017","155,39","154,18","155,44","154,05","21,28M","1,24%"
"04.10.2017","153,48","153,63","153,86","152,46","20,16M","-0,65%"
"03.10.2017","154,48","154,01","155,09","153,91","16,23M","0,44%"
"02.10.2017","153,81","154,26","154,45","152,72","18,70M","-0,20%"
"29.09.2017","154,12","153,21","154,13","152,00","26,30M","0,55%"
"28.09.2017","153,28","153,89","154,28","152,70","22,01M","-0,62%"
"27.09.2017","154,23","153,80","154,72","153,54","25,50M","0,71%"
"26.09.2017","153,14","151,78","153,92","151,69","36,66M","1,72%"
"25.09.2017","150,55","149,99","151,83","149,16","44,39M","-0,88%"
"22.09.2017","151,89","152,02","152,27","150,56","46,65M","-0,98%"
"21.09.2017","153,39","155,80","155,80","152,75","37,51M","-1,72%"
"20.09.2017","156,07","157,90","158,26","153,83","52,95M","-1,68%"
"19.09.2017","158,73","159,51","159,77","158,44","20,81M","0,04%"
"18.09.2017","158,67","160,11","160,50","158,00","28,27M","-0,76%"
"15.09.2017","159,88","158,47","160,97","158,00","49,11M","1,01%"
"14.09.2017","158,28","158,99","159,40","158,09","23,76M","-0,86%"
"13.09.2017","159,65","159,87","159,96","157,91","44,91M","-0,75%"
"12.09.2017","160,86","162,61","163,96","158,77","71,71M","-0,40%"
"11.09.2017","161,50","160,50","162,05","159,89","31,58M","1,81%"
"08.09.2017","158,63","160,86","161,15","158,53","28,61M","-1,63%"
"07.09.2017","161,26","162,09","162,24","160,36","21,93M","-0,40%"
"06.09.2017","161,91","162,71","162,99","160,52","21,65M","-0,10%"
"05.09.2017","162,08","163,75","164,25","160,56","29,54M","-1,20%"
"01.09.2017","164,05","164,80","164,94","163,63","16,59M","0,03%"
"31.08.2017","164,00","163,64","164,52","163,48","26,79M","0,40%"
"30.08.2017","163,35","163,80","163,89","162,61","27,27M","0,27%"
"29.08.2017","162,91","160,10","163,12","160,00","29,52M","0,89%"
"28.08.2017","161,47","160,14","162,00","159,93","25,97M","1,01%"
"25.08.2017","159,86","159,65","160,56","159,27","25,48M","0,37%"
"24.08.2017","159,27","160,43","160,74","158,55","19,82M","-0,44%"
"23.08.2017","159,98","159,07","160,47","158,88","19,40M","0,13%"
"22.08.2017","159,78","158,23","160,00","158,02","21,60M","1,63%"
"21.08.2017","157,21","157,50","157,89","155,11","26,37M","-0,18%"
"18.08.2017","157,50","157,86","159,50","156,72","27,43M","-0,23%"
"17.08.2017","157,86","160,52","160,71","157,84","27,94M","-1,92%"
"16.08.2017","160,95","161,94","162,51","160,15","27,67M","-0,40%"
"15.08.2017","161,60","160,66","162,19","160,14","29,47M","1,09%"
"14.08.2017","159,85","159,32","160,21","158,75","22,12M","1,50%"
"11.08.2017","157,48","156,60","158,57","156,07","26,26M","1,39%"
"10.08.2017","155,32","159,90","160,00","154,63","40,80M","-3,56%"
"09.08.2017","161,06","159,26","161,27","159,11","26,13M","0,61%"
"08.08.2017","160,08","158,60","161,83","158,27","36,21M","0,80%"
"07.08.2017","158,81","157,06","158,92","156,67","21,87M","1,55%"
"04.08.2017","156,39","156,07","157,40","155,69","20,56M","0,53%"
"03.08.2017","155,57","157,05","157,21","155,02","27,10M","-1,00%"
"02.08.2017","157,14","159,28","159,75","156,16","69,94M","4,73%"
"01.08.2017","150,05","149,10","150,22","148,41","35,37M","0,89%"
"31.07.2017","148,73","149,90","150,33","148,13","19,85M","-0,52%"
"28.07.2017","149,50","149,89","150,23","149,19","17,21M","-0,70%"
"27.07.2017","150,56","153,75","153,99","147,30","32,48M","-1,89%"
"26.07.2017","153,46","153,35","153,93","153,06","15,78M","0,47%"
"25.07.2017","152,74","151,80","153,84","151,80","18,85M","0,43%"
"24.07.2017","152,09","150,58","152,44","149,90","21,49M","1,21%"
"21.07.2017","150,27","149,99","150,44","148,88","26,25M","-0,05%"
"20.07.2017","150,34","151,50","151,74","150,19","17,24M","-0,45%"
"19.07.2017","151,02","150,48","151,42","149,95","20,92M","0,63%"
"18.07.2017","150,08","149,20","150,13","148,67","17,87M","0,35%"
"17.07.2017","149,56","148,82","150,90","148,57","23,79M","0,35%"
"14.07.2017","149,04","147,97","149,33","147,33","20,13M","0,86%"
"13.07.2017","147,77","145,50","148,49","145,44","25,20M","1,39%"
"12.07.2017","145,74","145,87","146,18","144,82","24,88M","0,14%"
"11.07.2017","145,53","144,73","145,85","144,38","19,78M","0,32%"
"10.07.2017","145,06","144,11","145,95","143,37","21,09M","0,61%"
"07.07.2017","144,18","142,90","144,75","142,90","19,20M","1,02%"
"06.07.2017","142,73","143,02","143,50","142,41","24,13M","-0,94%"
"05.07.2017","144,09","143,69","144,79","142,72","21,57M","0,41%"
"03.07.2017","143,50","144,88","145,30","143,10","14,28M","-0,36%"
"30.06.2017","144,02","144,45","144,96","143,78","23,02M","0,24%"
"29.06.2017","143,68","144,71","145,13","142,28","31,50M","-1,47%"
"28.06.2017","145,83","144,49","146,11","143,16","22,08M","1,46%"
"27.06.2017","143,73","145,01","146,16","143,62","24,76M","-1,43%"
"26.06.2017","145,82","147,17","148,28","145,38","25,69M","-0,31%"
"23.06.2017","146,28","145,13","147,16","145,11","35,44M","0,45%"
"22.06.2017","145,63","145,77","146,70","145,12","19,11M","-0,16%"
"21.06.2017","145,87","145,52","146,07","144,61","21,27M","0,59%"
"20.06.2017","145,01","146,87","146,87","144,94","24,90M","-0,91%"
"19.06.2017","146,34","143,66","146,74","143,66","32,54M","2,86%"
"16.06.2017","142,27","143,78","144,50","142,20","50,36M","-1,40%"
"15.06.2017","144,29","143,32","144,48","142,21","32,17M","-0,60%"
"14.06.2017","145,16","147,50","147,50","143,84","31,53M","-0,98%"
"13.06.2017","146,59","147,16","147,45","145,15","34,17M","0,80%"
"12.06.2017","145,42","145,74","146,09","142,51","72,31M","-2,39%"
"09.06.2017","148,98","155,19","155,19","146,02","64,88M","-3,88%"
"08.06.2017","154,99","155,25","155,54","154,40","21,25M","-0,24%"
"07.06.2017","155,37","155,02","155,98","154,48","21,07M","0,60%"
"06.06.2017","154,45","153,90","155,81","153,78","26,62M","0,34%"
"05.06.2017","153,93","154,34","154,45","153,46","25,33M","-0,98%"
"02.06.2017","155,45","153,58","155,45","152,89","27,77M","1,48%"
"01.06.2017","153,18","153,17","153,33","152,22","16,40M","0,27%"
"31.05.2017","152,76","153,97","154,17","152,38","24,45M","-0,59%"
"30.05.2017","153,67","153,42","154,43","153,33","20,13M","0,04%"
"26.05.2017","153,61","154,00","154,24","153,31","21,93M","-0,17%"
"25.05.2017","153,87","153,73","154,35","153,03","19,24M","0,35%"
"24.05.2017","153,34","153,84","154,17","152,67","19,22M","-0,30%"
"23.05.2017","153,80","154,90","154,90","153,31","19,92M","-0,12%"
"22.05.2017","153,99","154,00","154,58","152,91","22,97M","0,61%"
"19.05.2017","153,06","153,38","153,98","152,63","26,96M","0,34%"
"18.05.2017","152,54","151,27","153,34","151,13","33,57M","1,52%"
"17.05.2017","150,25","153,60","154,57","149,71","50,77M","-3,36%"
"16.05.2017","155,47","155,94","156,06","154,72","20,05M","-0,15%"
"15.05.2017","155,70","156,01","156,65","155,05","26,01M","-0,26%"
"12.05.2017","156,10","154,70","156,42","154,67","32,53M","1,40%"
"11.05.2017","153,95","152,45","154,07","152,31","27,26M","0,45%"
"10.05.2017","153,26","153,63","153,94","152,11","25,81M","-0,47%"
"09.05.2017","153,99","153,87","154,88","153,45","39,13M","0,64%"
"08.05.2017","153,01","149,03","153,70","149,03","48,75M","2,72%"
"05.05.2017","148,96","146,76","148,98","146,76","27,33M","1,66%"
"04.05.2017","146,53","146,52","147,14","145,81","23,37M","-0,36%"
"03.05.2017","147,06","145,59","147,49","144,27","45,70M","-0,31%"
"02.05.2017","147,51","147,54","148,09","146,84","45,35M","0,63%"
"01.05.2017","146,58","145,10","147,20","144,96","33,60M","2,04%"
"28.04.2017","143,65","144,09","144,30","143,27","20,86M","-0,10%"
"27.04.2017","143,79","143,92","144,16","143,31","14,25M","0,08%"
"26.04.2017","143,68","144,47","144,60","143,38","20,04M","-0,59%"
"25.04.2017","144,53","143,91","144,90","143,87","18,87M","0,62%"
"24.04.2017","143,64","143,50","143,95","143,18","17,13M","0,96%"
"21.04.2017","142,27","142,44","142,68","141,85","17,32M","-0,12%"
"20.04.2017","142,44","141,22","142,92","141,16","23,32M","1,25%"
"19.04.2017","140,68","141,88","142,00","140,45","17,33M","-0,37%"
"18.04.2017","141,20","141,41","142,04","141,11","14,70M","-0,44%"
"17.04.2017","141,83","141,48","141,88","140,87","16,58M","0,55%"
"13.04.2017","141,05","141,91","142,38","141,05","17,82M","-0,53%"
"12.04.2017","141,80","141,60","142,15","141,01","20,35M","0,12%"
"11.04.2017","141,63","142,94","143,35","140,06","30,38M","-1,08%"
"10.04.2017","143,17","143,60","143,88","142,90","18,93M","-0,12%"
"07.04.2017","143,34","143,73","144,18","143,27","16,67M","-0,22%"
"06.04.2017","143,66","144,29","144,52","143,45","21,15M","-0,25%"
"05.04.2017","144,02","144,22","145,46","143,81","27,72M","-0,52%"
"04.04.2017","144,77","143,25","144,89","143,17","19,89M","0,74%"
"03.04.2017","143,70","143,71","144,12","143,05","19,99M","0,03%"
"31.03.2017","143,66","143,72","144,27","143,01","19,66M","-0,19%"
"30.03.2017","143,93","144,19","144,50","143,50","21,21M","-0,13%"
"29.03.2017","144,12","143,68","144,49","143,19","29,19M","0,22%"
"28.03.2017","143,80","140,91","144,04","140,62","33,37M","2,07%"
"27.03.2017","140,88","139,39","141,22","138,62","23,58M","0,17%"
"24.03.2017","140,64","141,50","141,74","140,35","22,40M","-0,20%"
"23.03.2017","140,92","141,26","141,58","140,61","20,35M","-0,35%"
"22.03.2017","141,42","139,84","141,60","139,76","25,86M","1,13%"
"21.03.2017","139,84","142,11","142,80","139,73","39,53M","-1,15%"
"20.03.2017","141,46","140,40","141,50","140,23","21,54M","1,05%"
"17.03.2017","139,99","141,00","141,00","139,89","43,88M","-0,50%"
"16.03.2017","140,69","140,72","141,02","140,26","19,23M","0,16%"
"15.03.2017","140,46","139,41","140,75","139,03","25,69M","1,06%"
"14.03.2017","138,99","139,30","139,65","138,84","15,31M","-0,15%"
"13.03.2017","139,20","138,85","139,43","138,82","17,42M","0,04%"
"10.03.2017","139,14","139,25","139,36","138,64","19,61M","0,33%"
"09.03.2017","138,68","138,74","138,79","137,05","22,16M","-0,23%"
"08.03.2017","139,00","138,95","139,80","138,82","18,71M","-0,37%"
"07.03.2017","139,52","139,06","139,98","138,79","17,45M","0,13%"
"06.03.2017","139,34","139,37","139,77","138,60","21,75M","-0,31%"
"03.03.2017","139,78","138,78","139,83","138,59","21,57M","0,59%"
"02.03.2017","138,96","140,00","140,28","138,76","26,21M","-0,59%"
"01.03.2017","139,79","137,89","140,15","137,59","36,41M","2,04%"
"28.02.2017","136,99","137,08","137,44","136,70","23,48M","0,04%"
"27.02.2017","136,93","137,14","137,44","136,28","20,26M","0,20%"
"24.02.2017","136,66","135,91","136,66","135,28","21,78M","0,10%"
"23.02.2017","136,53","137,38","137,48","136,30","20,79M","-0,42%"
"22.02.2017","137,11","136,43","137,12","136,11","20,84M","0,30%"
"21.02.2017","136,70","136,23","136,75","135,98","24,51M","0,72%"
"17.02.2017","135,72","135,10","135,83","135,10","22,20M","0,28%"
"16.02.2017","135,34","135,67","135,90","134,84","22,58M","-0,13%"
"15.02.2017","135,51","135,52","136,27","134,62","35,62M","0,36%"
"14.02.2017","135,02","133,47","135,09","133,25","33,23M","1,30%"
"13.02.2017","133,29","133,08","133,82","132,75","23,04M","0,89%"
"10.02.2017","132,12","132,46","132,94","132,05","20,07M","-0,23%"
"09.02.2017","132,42","131,65","132,44","131,12","28,35M","0,29%"
"08.02.2017","132,04","131,35","132,22","131,22","23,00M","0,39%"
"07.02.2017","131,53","130,54","132,09","130,45","38,18M","0,95%"
"06.02.2017","130,29","129,13","130,50","128,90","26,85M","0,94%"
"03.02.2017","129,08","128,31","129,19","128,16","24,51M","0,43%"
"02.02.2017","128,53","127,97","129,39","127,78","33,71M","-0,17%"
"01.02.2017","128,75","127,03","130,49","127,01","111,99M","6,10%"
"31.01.2017","121,35","121,15","121,39","120,62","49,20M","-0,23%"
"30.01.2017","121,63","120,93","121,63","120,66","30,38M","-0,26%"
"27.01.2017","121,95","122,14","122,35","121,60","20,56M","0,01%"
"26.01.2017","121,94","121,67","122,44","121,60","26,34M","0,05%"
"25.01.2017","121,88","120,42","122,10","120,28","32,59M","1,59%"
"24.01.2017","119,97","119,55","120,10","119,50","23,21M","-0,09%"
"23.01.2017","120,08","120,00","120,81","119,77","22,05M","0,07%"
"20.01.2017","120,00","120,45","120,45","119,73","32,60M","0,18%"
"19.01.2017","119,78","119,40","120,09","119,37","25,60M","-0,18%"
"18.01.2017","119,99","120,00","120,50","119,71","23,71M","-0,01%"
"17.01.2017","120,00","118,34","120,24","118,22","34,44M","0,81%"
"13.01.2017","119,04","119,11","119,62","118,81","26,11M","-0,18%"
"12.01.2017","119,25","118,89","119,30","118,21","27,09M","-0,42%"
"11.01.2017","119,75","118,74","119,93","118,60","27,59M","0,54%"
"10.01.2017","119,11","118,77","119,38","118,30","24,46M","0,10%"
"09.01.2017","118,99","117,95","119,43","117,94","33,56M","0,92%"
"06.01.2017","117,91","116,78","118,16","116,47","31,75M","1,11%"
"05.01.2017","116,61","115,92","116,86","115,81","22,19M","0,51%"
"04.01.2017","116,02","115,85","116,51","115,75","21,12M","-0,11%"
"03.01.2017","116,15","115,80","116,33","114,76","28,78M","0,28%"
"30.12.2016","115,82","116,65","117,20","115,43","30,59M","-0,78%"
"29.12.2016","116,73","116,45","117,11","116,40","15,04M","-0,03%"
"28.12.2016","116,76","117,52","118,02","116,20","20,91M","-0,43%"
"27.12.2016","117,26","116,52","117,80","116,49","18,30M","0,64%"
"23.12.2016","116,52","115,59","116,52","115,59","14,25M","0,20%"
"22.12.2016","116,29","116,35","116,51","115,64","26,09M","-0,66%"
"21.12.2016","117,06","116,80","117,40","116,78","23,78M","0,09%"
"20.12.2016","116,95","116,74","117,50","116,68","21,42M","0,27%"
"19.12.2016","116,64","115,80","117,38","115,75","27,78M","0,58%"
"16.12.2016","115,97","116,47","116,50","115,64","44,35M","0,13%"
"15.12.2016","115,82","115,38","116,73","115,23","46,52M","0,55%"
"14.12.2016","115,19","115,04","116,20","114,98","34,03M","0,00%"
"13.12.2016","115,19","113,84","115,92","113,75","43,73M","1,67%"
"12.12.2016","113,30","113,29","115,00","112,49","26,37M","-0,57%"
"09.12.2016","113,95","112,31","114,70","112,31","34,40M","1,63%"
"08.12.2016","112,12","110,86","112,43","110,60","27,07M","0,98%"
"07.12.2016","111,03","109,26","111,19","109,16","30,00M","0,98%"
"06.12.2016","109,95","109,50","110,36","109,19","26,20M","0,77%"
"05.12.2016","109,11","110,00","110,03","108,25","34,32M","-0,72%"
"02.12.2016","109,90","109,17","110,09","108,85","26,53M","0,37%"
"01.12.2016","109,49","110,36","110,94","109,03","37,09M","-0,93%"
"30.11.2016","110,52","111,60","112,20","110,27","36,16M","-0,84%"
"29.11.2016","111,46","110,78","112,03","110,07","28,53M","-0,10%"
"28.11.2016","111,57","111,43","112,47","111,39","27,19M","-0,20%"
"25.11.2016","111,79","111,13","111,87","110,95","11,48M","0,50%"
"23.11.2016","111,23","111,36","111,51","110,33","27,43M","-0,51%"
"22.11.2016","111,80","111,95","112,42","111,40","25,97M","0,06%"
"21.11.2016","111,73","110,12","111,99","110,01","29,26M","1,52%"
"18.11.2016","110,06","109,72","110,54","109,66","28,43M","0,10%"
"17.11.2016","109,95","109,81","110,35","108,83","27,63M","-0,04%"
"16.11.2016","109,99","106,70","110,23","106,60","58,84M","2,69%"
"15.11.2016","107,11","106,57","107,68","106,16","32,26M","1,32%"
"14.11.2016","105,71","107,71","107,81","104,08","51,18M","-2,51%"
"11.11.2016","108,43","107,12","108,87","106,55","34,14M","0,59%"
"10.11.2016","107,79","111,09","111,09","105,83","57,13M","-2,79%"
"09.11.2016","110,88","109,88","111,32","108,05","59,18M","-0,16%"
"08.11.2016","111,06","110,31","111,72","109,70","24,25M","0,59%"
"07.11.2016","110,41","110,08","110,51","109,46","32,56M","1,44%"
"04.11.2016","108,84","108,53","110,25","108,11","30,84M","-0,90%"
"03.11.2016","109,83","110,98","111,46","109,55","26,93M","-1,58%"
"02.11.2016","111,59","111,40","112,35","111,23","28,33M","0,09%"
"01.11.2016","111,49","113,46","113,77","110,53","43,83M","-1,81%"
"31.10.2016","113,54","113,65","114,23","113,20","26,42M","-0,16%"
"28.10.2016","113,72","113,87","115,21","113,45","37,86M","-0,66%"
"27.10.2016","114,48","115,39","115,86","114,10","34,56M","-0,96%"
"26.10.2016","115,59","114,31","115,70","113,31","66,13M","-2,25%"
"25.10.2016","118,25","117,95","118,36","117,31","48,13M","0,51%"
"24.10.2016","117,65","117,10","117,74","117,00","23,54M","0,90%"
"21.10.2016","116,60","116,81","116,91","116,28","23,19M","-0,39%"
"20.10.2016","117,06","116,86","117,38","116,33","24,13M","-0,05%"
"19.10.2016","117,12","117,25","117,76","113,80","20,03M","-0,30%"
"18.10.2016","117,47","118,18","118,21","117,45","24,55M","-0,07%"
"17.10.2016","117,55","117,33","117,84","116,78","23,62M","-0,07%"
"14.10.2016","117,63","117,88","118,17","117,13","35,65M","0,56%"
"13.10.2016","116,98","116,79","117,44","115,72","35,19M","-0,31%"
"12.10.2016","117,34","117,35","117,98","116,75","37,59M","0,89%"
"11.10.2016","116,30","117,70","118,69","116,20","64,04M","0,22%"
"10.10.2016","116,05","115,02","116,75","114,72","36,24M","1,74%"
"07.10.2016","114,06","114,31","114,56","113,51","24,36M","0,15%"
"06.10.2016","113,89","113,70","114,34","113,13","28,78M","0,74%"
"05.10.2016","113,05","113,40","113,66","112,69","21,45M","0,04%"
"04.10.2016","113,00","113,06","114,31","112,63","29,74M","0,43%"
"03.10.2016","112,52","112,71","113,05","112,28","21,70M","-0,47%"
"30.09.2016","113,05","112,46","113,37","111,80","36,38M","0,78%"
"29.09.2016","112,18","113,16","113,80","111,80","35,89M","-1,55%"
"28.09.2016","113,95","113,69","114,64","113,43","29,64M","0,76%"
"27.09.2016","113,09","113,00","113,18","112,34","24,61M","0,19%"
"26.09.2016","112,88","111,64","113,39","111,55","29,87M","0,15%"
"23.09.2016","112,71","114,42","114,79","111,55","52,48M","-1,67%"
"22.09.2016","114,62","114,35","114,94","114,00","31,07M","0,94%"
"21.09.2016","113,55","113,85","113,99","112,44","36,00M","-0,02%"
"20.09.2016","113,57","113,05","114,12","112,51","34,51M","-0,01%"
"19.09.2016","113,58","115,19","116,18","113,25","47,02M","-1,17%"
"16.09.2016","114,92","115,12","116,13","114,04","79,89M","-0,56%"
"15.09.2016","115,57","113,86","115,73","113,49","90,61M","3,40%"
"14.09.2016","111,77","108,73","113,03","108,60","112,34M","3,54%"
"13.09.2016","107,95","107,51","108,79","107,24","62,18M","2,38%"
"12.09.2016","105,44","102,65","105,72","102,53","45,29M","2,24%"
"09.09.2016","103,13","104,64","105,72","103,13","46,56M","-2,26%"
"08.09.2016","105,52","107,25","107,27","105,24","53,00M","-2,62%"
"07.09.2016","108,36","107,83","108,76","107,07","42,36M","0,61%"
"06.09.2016","107,70","107,90","108,30","107,51","26,88M","-0,03%"
"02.09.2016","107,73","107,70","108,00","106,82","26,80M","0,94%"
"01.09.2016","106,73","106,14","106,80","105,62","26,70M","0,59%"
"31.08.2016","106,10","105,66","106,57","105,64","29,66M","0,09%"
"30.08.2016","106,00","105,80","106,50","105,50","24,86M","-0,77%"
"29.08.2016","106,82","106,62","107,44","106,29","24,97M","-0,11%"
"26.08.2016","106,94","107,41","107,95","106,31","27,77M","-0,59%"
"25.08.2016","107,57","107,39","107,88","106,68","25,09M","-0,43%"
"24.08.2016","108,03","108,56","108,75","107,68","23,68M","-0,75%"
"23.08.2016","108,85","108,59","109,32","108,53","21,26M","0,31%"
"22.08.2016","108,51","108,86","109,10","107,85","25,82M","-0,78%"
"19.08.2016","109,36","108,77","109,69","108,36","25,37M","0,26%"
"18.08.2016","109,08","109,23","109,60","109,02","21,98M","-0,13%"
"17.08.2016","109,22","109,10","109,37","108,34","25,36M","-0,15%"
"16.08.2016","109,38","109,63","110,23","109,21","33,79M","-0,09%"
"15.08.2016","109,48","108,14","109,54","108,08","25,87M","1,20%"
"12.08.2016","108,18","107,78","108,44","107,78","18,66M","0,23%"
"11.08.2016","107,93","108,52","108,93","107,85","27,48M","-0,06%"
"10.08.2016","108,00","108,71","108,90","107,76","24,01M","-0,74%"
"09.08.2016","108,81","108,23","108,94","108,01","26,32M","0,41%"
"08.08.2016","108,37","107,52","108,37","107,16","28,04M","0,83%"
"05.08.2016","107,48","106,27","107,65","106,18","40,55M","1,52%"
"04.08.2016","105,87","105,58","106,00","105,28","27,41M","0,08%"
"03.08.2016","105,79","104,81","105,84","104,77","30,20M","1,25%"
"02.08.2016","104,48","106,05","106,07","104,00","33,82M","-1,48%"
"01.08.2016","106,05","104,41","106,15","104,41","38,17M","1,77%"
"29.07.2016","104,21","104,19","104,55","103,68","27,73M","-0,12%"
"28.07.2016","104,34","102,83","104,45","102,82","39,87M","1,35%"
"27.07.2016","102,95","104,27","104,35","102,75","92,34M","6,50%"
"26.07.2016","96,67","96,82","97,97","96,42","56,24M","-0,69%"
"25.07.2016","97,34","98,25","98,84","96,92","40,38M","-1,34%"
"22.07.2016","98,66","99,26","99,30","98,31","28,31M","-0,77%"
"21.07.2016","99,43","99,83","101,00","99,13","32,70M","-0,53%"
"20.07.2016","99,96","100,00","100,46","99,73","26,28M","0,09%"
"19.07.2016","99,87","99,56","100,00","99,34","23,78M","0,04%"
"18.07.2016","99,83","98,70","100,13","98,60","36,49M","1,06%"
"15.07.2016","98,78","98,92","99,30","98,50","30,14M","-0,01%"
"14.07.2016","98,79","97,39","98,99","97,32","38,92M","1,98%"
"13.07.2016","96,87","97,41","97,67","96,84","25,89M","-0,56%"
"12.07.2016","97,42","97,17","97,70","97,12","24,17M","0,45%"
"11.07.2016","96,98","96,75","97,65","96,73","23,79M","0,31%"
"08.07.2016","96,68","96,49","96,89","96,05","28,91M","0,77%"
"07.07.2016","95,94","95,70","96,50","95,62","25,14M","0,43%"
"06.07.2016","95,53","94,60","95,66","94,37","30,95M","0,57%"
"05.07.2016","94,99","95,39","95,40","94,46","27,71M","-0,94%"
"01.07.2016","95,89","95,49","96,47","95,33","26,03M","0,30%"
"30.06.2016","95,60","94,44","95,77","94,30","35,84M","1,27%"
"29.06.2016","94,40","93,97","94,55","93,63","36,53M","0,87%"
"28.06.2016","93,59","92,90","93,66","92,14","40,44M","1,68%"
"27.06.2016","92,04","93,00","93,05","91,50","46,62M","-1,46%"
"24.06.2016","93,40","92,91","94,66","92,65","75,31M","-2,81%"
"23.06.2016","96,10","95,94","96,29","95,25","32,24M","0,58%"
"22.06.2016","95,55","96,25","96,89","95,35","29,22M","-0,38%"
"21.06.2016","95,91","94,94","96,35","94,68","35,55M","0,85%"
"20.06.2016","95,10","96,00","96,57","95,03","34,41M","-0,24%"
"17.06.2016","95,33","96,62","96,65","95,30","61,01M","-2,28%"
"16.06.2016","97,55","96,45","97,75","96,07","31,33M","0,42%"
"15.06.2016","97,14","97,82","98,41","97,03","29,45M","-0,33%"
"14.06.2016","97,46","97,32","98,47","96,75","31,93M","0,12%"
"13.06.2016","97,34","98,69","99,12","97,10","38,02M","-1,51%"
"10.06.2016","98,83","98,53","99,35","98,48","31,71M","-0,82%"
"09.06.2016","99,65","98,50","99,99","98,46","26,60M","0,72%"
"08.06.2016","98,94","99,02","99,56","98,68","20,85M","-0,09%"
"07.06.2016","99,03","99,25","99,87","98,96","22,41M","0,41%"
"06.06.2016","98,63","97,99","101,89","97,55","23,29M","0,73%"
"03.06.2016","97,92","97,79","98,27","97,45","28,50M","0,20%"
"02.06.2016","97,72","97,60","97,84","96,63","40,19M","-0,75%"
"01.06.2016","98,46","99,02","99,54","98,33","29,17M","-1,40%"
"31.05.2016","99,86","99,60","100,40","98,82","42,31M","-0,49%"
"27.05.2016","100,35","99,44","100,47","99,25","36,34M","-0,06%"
"26.05.2016","100,41","99,68","100,73","98,64","56,33M","0,79%"
"25.05.2016","99,62","98,67","99,74","98,11","38,64M","1,76%"
"24.05.2016","97,90","97,22","98,09","96,84","35,14M","1,52%"
"23.05.2016","96,43","95,87","97,19","95,67","38,02M","1,27%"
"20.05.2016","95,22","94,64","95,43","94,52","32,03M","1,08%"
"19.05.2016","94,20","94,64","94,64","93,57","30,44M","-0,38%"
"18.05.2016","94,56","94,16","95,21","93,89","42,06M","1,14%"
"17.05.2016","93,49","94,55","94,70","93,01","46,92M","-0,42%"
"16.05.2016","93,88","92,39","94,39","91,65","61,26M","3,71%"
"13.05.2016","90,52","90,00","91,67","90,00","44,39M","0,20%"
"12.05.2016","90,34","92,72","92,78","89,47","76,31M","-2,35%"
"11.05.2016","92,51","93,48","93,57","92,46","28,72M","-0,97%"
"10.05.2016","93,42","93,33","93,57","92,11","33,69M","0,68%"
"09.05.2016","92,79","93,00","93,77","92,59","32,94M","0,08%"
"06.05.2016","92,72","93,37","93,45","91,85","43,70M","-0,56%"
"05.05.2016","93,24","94,00","94,07","92,68","35,89M","-1,01%"
"04.05.2016","94,19","95,20","95,90","93,82","41,03M","-1,04%"
"03.05.2016","95,18","94,20","95,74","93,68","56,83M","1,64%"
"02.05.2016","93,64","93,97","94,08","92,40","48,16M","-0,11%"
"29.04.2016","93,74","93,99","94,72","92,51","68,53M","-1,15%"
"28.04.2016","94,83","97,61","97,88","94,25","82,24M","-3,06%"
"27.04.2016","97,82","96,00","98,71","95,68","114,60M","-6,26%"
"26.04.2016","104,35","103,91","105,30","103,91","56,02M","-0,69%"
"25.04.2016","105,08","105,00","105,65","104,51","28,03M","-0,57%"
"22.04.2016","105,68","105,01","106,48","104,62","33,68M","-0,27%"
"21.04.2016","105,97","106,93","106,93","105,52","31,55M","-1,08%"
"20.04.2016","107,13","106,64","108,09","106,06","30,61M","0,21%"
"19.04.2016","106,91","107,88","108,00","106,23","32,38M","-0,53%"
"18.04.2016","107,48","108,89","108,95","106,94","60,82M","-2,16%"
"15.04.2016","109,85","112,11","112,30","109,73","46,94M","-2,01%"
"14.04.2016","112,10","111,62","112,39","111,33","25,47M","0,05%"
"13.04.2016","112,04","110,80","112,34","110,80","33,26M","1,45%"
"12.04.2016","110,44","109,34","110,50","108,66","27,23M","1,30%"
"11.04.2016","109,02","108,97","110,61","108,83","29,41M","0,33%"
"08.04.2016","108,66","108,91","109,77","108,17","23,58M","0,11%"
"07.04.2016","108,54","109,95","110,42","108,12","31,80M","-2,18%"
"06.04.2016","110,96","110,23","110,98","109,20","26,40M","1,05%"
"05.04.2016","109,81","109,51","110,73","109,42","26,58M","-1,18%"
"04.04.2016","111,12","110,42","112,19","110,27","37,36M","1,03%"
"01.04.2016","109,99","108,78","110,00","108,20","25,87M","0,92%"
"31.03.2016","108,99","109,72","109,90","108,88","25,89M","-0,52%"
"30.03.2016","109,56","108,65","110,42","108,60","45,60M","1,75%"
"29.03.2016","107,68","104,89","107,79","104,88","31,19M","2,37%"
"28.03.2016","105,19","106,00","106,19","105,06","19,41M","-0,45%"
"24.03.2016","105,67","105,47","106,25","104,89","26,13M","-0,43%"
"23.03.2016","106,13","106,48","107,07","105,90","25,70M","-0,55%"
"22.03.2016","106,72","105,25","107,29","105,21","32,44M","0,76%"
"21.03.2016","105,91","105,93","107,65","105,14","35,50M","-0,01%"
"18.03.2016","105,92","106,34","106,50","105,19","44,21M","0,11%"
"17.03.2016","105,80","105,52","106,47","104,96","34,42M","-0,16%"
"16.03.2016","105,97","104,61","106,31","104,59","38,30M","1,33%"
"15.03.2016","104,58","103,96","105,18","103,85","40,07M","2,01%"
"14.03.2016","102,52","101,91","102,91","101,78","25,08M","0,25%"
"11.03.2016","102,26","102,24","102,28","101,50","27,41M","1,08%"
"10.03.2016","101,17","101,41","102,24","100,15","33,51M","0,05%"
"09.03.2016","101,12","101,31","101,58","100,27","27,20M","0,09%"
"08.03.2016","101,03","100,78","101,76","100,40","31,56M","-0,82%"
"07.03.2016","101,87","102,39","102,83","100,96","35,92M","-1,11%"
"04.03.2016","103,01","102,37","103,75","101,37","46,06M","1,49%"
"03.03.2016","101,50","100,58","101,71","100,45","36,96M","0,74%"
"02.03.2016","100,75","100,51","100,89","99,64","33,17M","0,22%"
"01.03.2016","100,53","97,65","100,77","97,42","50,41M","3,97%"
"29.02.2016","96,69","96,86","98,23","96,65","35,22M","-0,27%"
"26.02.2016","96,91","97,20","98,02","96,58","28,99M","0,16%"
"25.02.2016","96,76","96,05","96,76","95,25","27,58M","0,69%"
"24.02.2016","96,10","93,98","96,38","93,32","36,26M","1,49%"
"23.02.2016","94,69","96,40","96,50","94,55","31,94M","-2,26%"
"22.02.2016","96,88","96,31","96,90","95,92","34,28M","0,87%"
"19.02.2016","96,04","96,00","96,76","95,80","35,37M","-0,23%"
"18.02.2016","96,26","98,84","98,89","96,09","39,02M","-1,90%"
"17.02.2016","98,12","96,67","98,21","96,15","44,86M","1,53%"
"16.02.2016","96,64","95,02","96,85","94,61","49,06M","2,82%"
"12.02.2016","93,99","94,19","94,50","93,01","40,35M","0,31%"
"11.02.2016","93,70","93,79","94,72","92,59","50,07M","-0,60%"
"10.02.2016","94,27","95,92","96,35","94,10","42,34M","-0,76%"
"09.02.2016","94,99","94,29","95,94","93,93","44,33M","-0,02%"
"08.02.2016","95,01","93,13","95,70","93,04","54,02M","1,05%"
"05.02.2016","94,02","96,52","96,92","93,69","46,42M","-2,67%"
"04.02.2016","96,60","95,86","97,33","95,19","46,47M","0,26%"
"03.02.2016","96,35","95,00","96,84","94,08","45,96M","1,98%"
"02.02.2016","94,48","95,42","96,04","94,28","37,36M","-2,02%"
"01.02.2016","96,43","96,47","96,71","95,40","40,94M","-0,93%"
"29.01.2016","97,34","94,79","97,34","94,35","64,42M","3,45%"
"28.01.2016","94,09","93,79","94,52","92,39","55,68M","0,72%"
"27.01.2016","93,42","96,04","96,63","93,34","133,37M","-6,57%"
"26.01.2016","99,99","99,93","100,88","98,07","75,08M","0,55%"
"25.01.2016","99,44","101,52","101,53","99,21","51,79M","-1,95%"
"22.01.2016","101,42","98,63","101,46","98,37","65,80M","5,32%"
"21.01.2016","96,30","97,06","97,88","94,94","52,16M","-0,51%"
"20.01.2016","96,79","95,10","98,19","93,42","72,33M","0,13%"
"19.01.2016","96,66","98,41","98,65","95,50","53,09M","-0,48%"
"15.01.2016","97,13","96,20","97,71","95,36","79,83M","-2,40%"
"14.01.2016","99,52","97,96","100,48","95,74","63,17M","2,19%"
"13.01.2016","97,39","100,32","101,19","97,30","62,44M","-2,57%"
"12.01.2016","99,96","100,55","100,69","98,84","49,15M","1,45%"
"11.01.2016","98,53","98,97","99,06","97,34","49,74M","1,62%"
"08.01.2016","96,96","98,55","99,11","96,76","70,80M","0,53%"
"07.01.2016","96,45","98,68","100,13","96,43","81,09M","-4,22%"
"06.01.2016","100,70","100,56","102,37","99,87","68,46M","-1,96%"
"05.01.2016","102,71","105,75","105,85","102,41","55,79M","-2,51%"
"04.01.2016","105,35","102,61","105,37","102,00","67,65M","0,09%"
"31.12.2015","105,26","107,01","107,03","104,82","40,91M","-1,92%"
"30.12.2015","107,32","108,58","108,70","107,18","25,21M","-1,31%"
"29.12.2015","108,74","106,96","109,43","106,86","30,93M","1,80%"
"28.12.2015","106,82","107,59","107,69","106,18","26,70M","-1,12%"
"24.12.2015","108,03","109,00","109,00","107,95","13,60M","-0,53%"
"23.12.2015","108,61","107,27","108,85","107,20","32,66M","1,29%"
"22.12.2015","107,23","107,40","107,72","106,45","32,79M","-0,09%"
"21.12.2015","107,33","107,28","107,37","105,57","47,59M","1,23%"
"18.12.2015","106,03","108,91","109,52","105,81","96,45M","-2,71%"
"17.12.2015","108,98","112,02","112,25","108,98","44,77M","-2,12%"
"16.12.2015","111,34","111,07","111,99","108,80","56,24M","0,77%"
"15.12.2015","110,49","111,94","112,80","110,35","53,32M","-1,77%"
"14.12.2015","112,48","112,18","112,68","109,79","65,00M","-0,62%"
"11.12.2015","113,18","115,19","115,39","112,85","46,89M","-2,57%"
"10.12.2015","116,17","116,04","116,94","115,51","29,21M","0,48%"
"09.12.2015","115,62","117,64","117,69","115,08","46,36M","-2,21%"
"08.12.2015","118,23","117,52","118,60","116,86","34,31M","-0,04%"
"07.12.2015","118,28","118,98","119,86","117,81","32,08M","-0,63%"
"04.12.2015","119,03","115,29","119,25","115,11","57,78M","3,32%"
"03.12.2015","115,20","116,55","116,79","114,22","41,57M","-0,93%"
"02.12.2015","116,28","117,05","118,11","116,08","33,39M","-0,90%"
"01.12.2015","117,34","118,75","118,81","116,86","34,85M","-0,81%"
"30.11.2015","118,30","117,99","119,41","117,75","39,18M","0,42%"
"27.11.2015","117,81","118,29","118,41","117,60","13,05M","-0,19%"
"25.11.2015","118,03","119,21","119,23","117,92","21,39M","-0,72%"
"24.11.2015","118,88","117,33","119,35","117,12","42,80M","0,96%"
"23.11.2015","117,75","119,27","119,73","117,34","32,48M","-1,30%"
"20.11.2015","119,30","119,20","119,92","118,85","34,29M","0,44%"
"19.11.2015","118,78","117,64","119,75","116,76","43,30M","1,27%"
"18.11.2015","117,29","115,76","117,49","115,50","46,67M","3,17%"
"17.11.2015","113,69","114,92","115,05","113,32","27,62M","-0,42%"
"16.11.2015","114,17","111,38","114,24","111,00","38,11M","1,63%"
"13.11.2015","112,34","115,20","115,57","112,27","45,81M","-2,92%"
"12.11.2015","115,72","116,26","116,82","115,65","32,53M","-0,34%"
"11.11.2015","116,11","116,37","117,42","115,21","45,22M","-0,57%"
"10.11.2015","116,77","116,90","118,07","116,06","59,13M","-3,15%"
"09.11.2015","120,57","120,96","121,81","120,05","33,87M","-0,40%"
"06.11.2015","121,06","121,11","121,81","120,62","33,04M","0,12%"
"05.11.2015","120,92","121,85","122,69","120,18","39,55M","-0,89%"
"04.11.2015","122,00","123,13","123,82","121,62","44,89M","-0,47%"
"03.11.2015","122,57","120,79","123,49","120,70","45,52M","1,15%"
"02.11.2015","121,18","119,87","121,36","119,61","32,20M","1,41%"
"30.10.2015","119,50","120,99","121,22","119,45","49,37M","-0,85%"
"29.10.2015","120,53","118,70","120,69","118,27","51,23M","1,06%"
"28.10.2015","119,27","116,93","119,30","116,06","85,55M","4,12%"
"27.10.2015","114,55","115,40","116,54","113,99","69,88M","-0,63%"
"26.10.2015","115,28","118,08","118,13","114,92","66,33M","-3,19%"
"23.10.2015","119,08","116,70","119,23","116,33","59,37M","3,10%"
"22.10.2015","115,50","114,33","115,50","114,10","41,65M","1,53%"
"21.10.2015","113,76","114,00","115,58","113,70","42,33M","-0,01%"
"20.10.2015","113,77","111,34","114,17","110,82","48,97M","1,83%"
"19.10.2015","111,73","110,80","111,75","110,11","29,76M","0,62%"
"16.10.2015","111,04","111,78","112,00","110,53","39,23M","-0,73%"
"15.10.2015","111,86","110,93","112,10","110,49","37,67M","1,50%"
"14.10.2015","110,21","111,29","111,52","109,56","44,46M","-1,41%"
"13.10.2015","111,79","110,82","112,45","110,68","33,05M","0,17%"
"12.10.2015","111,60","112,73","112,75","111,44","30,47M","-0,46%"
"09.10.2015","112,12","110,00","112,28","109,49","52,77M","2,39%"
"08.10.2015","109,50","110,19","110,19","108,21","61,98M","-1,16%"
"07.10.2015","110,78","111,74","111,77","109,41","46,77M","-0,48%"
"06.10.2015","111,31","110,63","111,74","109,77","48,86M","0,48%"
"05.10.2015","110,78","109,88","111,37","109,07","52,06M","0,36%"
"02.10.2015","110,38","108,01","111,01","107,55","58,02M","0,73%"
"01.10.2015","109,58","109,07","109,62","107,31","63,93M","-0,65%"
"30.09.2015","110,30","110,17","111,54","108,73","66,47M","1,14%"
"29.09.2015","109,06","112,83","113,51","107,86","73,37M","-3,01%"
"28.09.2015","112,44","113,85","114,57","112,44","52,11M","-1,98%"
"25.09.2015","114,71","116,44","116,69","114,02","56,15M","-0,25%"
"24.09.2015","115,00","113,25","115,50","112,37","50,22M","0,59%"
"23.09.2015","114,32","113,63","114,72","113,30","35,76M","0,81%"
"22.09.2015","113,40","113,38","114,18","112,52","50,35M","-1,57%"
"21.09.2015","115,21","113,67","115,37","113,66","50,22M","1,55%"
"18.09.2015","113,45","112,21","114,30","111,87","74,29M","-0,41%"
"17.09.2015","113,92","115,66","116,49","113,72","64,11M","-2,14%"
"16.09.2015","116,41","116,25","116,54","115,44","37,17M","0,11%"
"15.09.2015","116,28","115,93","116,53","114,42","43,34M","0,84%"
"14.09.2015","115,31","116,58","116,89","114,86","58,36M","0,96%"
"11.09.2015","114,21","111,79","114,21","111,76","49,92M","1,46%"
"10.09.2015","112,57","110,27","113,28","109,90","62,89M","2,20%"
"09.09.2015","110,15","113,76","114,02","109,77","85,01M","-1,92%"
"08.09.2015","112,31","111,65","112,56","110,32","54,84M","2,78%"
"04.09.2015","109,27","108,97","110,45","108,51","50,00M","-1,00%"
"03.09.2015","110,37","112,49","112,78","110,04","53,23M","-1,75%"
"02.09.2015","112,34","110,23","112,34","109,13","61,89M","4,29%"
"01.09.2015","107,72","110,15","111,88","107,36","76,85M","-4,47%"
"31.08.2015","112,76","112,03","114,53","112,00","56,23M","-0,47%"
"28.08.2015","113,29","112,17","113,31","111,54","53,16M","0,33%"
"27.08.2015","112,92","112,23","113,24","110,02","84,62M","2,94%"
"26.08.2015","109,69","107,08","109,89","105,05","96,77M","5,74%"
"25.08.2015","103,74","111,11","111,11","103,50","103,60M","0,60%"
"24.08.2015","103,12","94,87","108,80","92,00","162,21M","-2,50%"
"21.08.2015","105,76","110,43","111,90","105,64","128,28M","-6,12%"
"20.08.2015","112,65","114,08","114,35","111,63","68,50M","-2,05%"
"19.08.2015","115,01","116,10","116,52","114,68","48,29M","-1,28%"
"18.08.2015","116,50","116,43","117,44","116,01","34,56M","-0,56%"
"17.08.2015","117,16","116,04","117,65","115,50","40,88M","1,03%"
"14.08.2015","115,96","114,32","116,31","114,01","42,93M","0,70%"
"13.08.2015","115,15","116,04","116,40","114,54","48,54M","-0,08%"
"12.08.2015","115,24","112,53","115,42","109,63","101,69M","1,54%"
"11.08.2015","113,49","117,81","118,18","113,33","97,08M","-5,20%"
"10.08.2015","119,72","116,53","119,99","116,53","54,95M","3,64%"
"07.08.2015","115,52","114,58","116,25","114,50","38,67M","0,34%"
"06.08.2015","115,13","115,97","116,50","114,11","52,90M","-0,23%"
"05.08.2015","115,40","112,95","117,44","112,10","99,31M","0,66%"
"04.08.2015","114,64","117,42","117,70","113,25","124,14M","-3,21%"
"03.08.2015","118,44","121,50","122,57","117,52","69,98M","-2,36%"
"31.07.2015","121,30","122,60","122,64","120,91","42,88M","-0,87%"
"30.07.2015","122,37","122,32","122,57","121,71","33,63M","-0,50%"
"29.07.2015","122,99","123,15","123,50","122,27","37,01M","-0,32%"
"28.07.2015","123,38","123,38","123,91","122,55","33,62M","0,50%"
"27.07.2015","122,77","123,09","123,61","122,12","44,46M","-1,39%"
"24.07.2015","124,50","125,32","125,74","123,90","42,16M","-0,53%"
"23.07.2015","125,16","126,20","127,09","125,06","51,00M","-0,05%"
"22.07.2015","125,22","121,99","125,50","121,99","115,45M","-4,23%"
"21.07.2015","130,75","132,85","132,92","130,32","76,76M","-1,00%"
"20.07.2015","132,07","130,97","132,97","130,70","58,90M","1,89%"
"17.07.2015","129,62","129,08","129,62","128,31","46,16M","0,86%"
"16.07.2015","128,51","127,74","128,57","127,35","36,22M","1,33%"
"15.07.2015","126,82","125,72","127,15","125,58","33,65M","0,96%"
"14.07.2015","125,61","126,04","126,37","125,04","31,77M","-0,04%"
"13.07.2015","125,66","125,03","125,75","124,32","41,44M","1,93%"
"10.07.2015","123,28","121,94","123,85","121,21","61,35M","2,67%"
"09.07.2015","120,07","123,85","124,06","119,22","78,60M","-2,04%"
"08.07.2015","122,57","124,48","124,64","122,54","60,76M","-2,48%"
"07.07.2015","125,69","125,89","126,15","123,77","46,95M","-0,25%"
"06.07.2015","126,00","124,94","126,23","124,85","28,06M","-0,35%"
"02.07.2015","126,44","126,43","126,69","125,77","27,21M","-0,13%"
"01.07.2015","126,60","126,90","126,94","125,99","30,24M","0,94%"
"30.06.2015","125,42","125,57","126,12","124,86","44,37M","0,71%"
"29.06.2015","124,53","125,46","126,47","124,48","49,16M","-1,75%"
"26.06.2015","126,75","127,67","127,99","126,51","44,07M","-0,59%"
"25.06.2015","127,50","128,86","129,20","127,50","31,94M","-0,48%"
"24.06.2015","128,11","127,21","129,80","127,12","55,28M","0,85%"
"23.06.2015","127,03","127,48","127,61","126,88","30,27M","-0,45%"
"22.06.2015","127,61","127,49","128,06","127,08","34,04M","0,80%"
"19.06.2015","126,60","127,71","127,82","126,40","54,72M","-1,00%"
"18.06.2015","127,88","127,23","128,31","127,22","35,41M","0,46%"
"17.06.2015","127,30","127,72","127,88","126,74","32,92M","-0,24%"
"16.06.2015","127,60","127,03","127,85","126,37","31,49M","0,54%"
"15.06.2015","126,92","126,10","127,24","125,71","43,99M","-0,20%"
"12.06.2015","127,17","128,19","128,33","127,11","36,89M","-1,10%"
"11.06.2015","128,59","129,18","130,18","128,47","35,39M","-0,23%"
"10.06.2015","128,88","127,92","129,34","127,85","39,09M","1,15%"
"09.06.2015","127,42","126,70","128,08","125,62","56,08M","-0,30%"
"08.06.2015","127,80","128,90","129,21","126,83","52,67M","-0,66%"
"05.06.2015","128,65","129,50","129,69","128,36","35,63M","-0,55%"
"04.06.2015","129,36","129,58","130,58","128,91","38,45M","-0,58%"
"03.06.2015","130,12","130,66","130,94","129,90","30,98M","0,12%"
"02.06.2015","129,96","129,86","130,66","129,32","33,67M","-0,44%"
"01.06.2015","130,53","131,20","131,39","130,05","32,11M","0,19%"
"29.05.2015","130,28","131,23","131,45","129,90","50,88M","-1,14%"
"28.05.2015","131,78","131,86","131,95","131,10","30,73M","-0,20%"
"27.05.2015","132,04","130,34","132,26","130,05","45,83M","1,87%"
"26.05.2015","129,62","132,60","132,91","129,12","70,70M","-2,20%"
"22.05.2015","132,54","131,60","132,97","131,40","45,60M","0,88%"
"21.05.2015","131,39","130,07","131,63","129,83","39,73M","1,02%"
"20.05.2015","130,06","130,00","130,98","129,34","36,45M","-0,01%"
"19.05.2015","130,07","130,69","130,88","129,64","44,63M","-0,09%"
"18.05.2015","130,19","128,38","130,72","128,36","50,88M","1,10%"
"15.05.2015","128,77","129,07","129,49","128,21","38,21M","-0,14%"
"14.05.2015","128,95","127,41","128,95","127,16","45,20M","2,33%"
"13.05.2015","126,01","126,15","127,19","125,87","34,69M","0,12%"
"12.05.2015","125,86","125,60","126,88","124,82","48,16M","-0,36%"
"11.05.2015","126,32","127,39","127,56","125,62","42,04M","-1,02%"
"08.05.2015","127,62","126,68","127,62","126,11","55,55M","1,88%"
"07.05.2015","125,26","124,77","126,08","124,02","43,94M","0,20%"
"06.05.2015","125,01","126,56","126,75","123,36","72,14M","-0,63%"
"05.05.2015","125,80","128,15","128,45","125,78","49,27M","-2,25%"
"04.05.2015","128,70","129,50","130,57","128,26","50,99M","-0,19%"
"01.05.2015","128,95","126,10","130,13","125,30","58,51M","3,04%"
"30.04.2015","125,15","127,50","127,88","124,58","83,20M","-2,71%"
"29.04.2015","128,64","130,16","131,59","128,30","63,39M","-1,47%"
"28.04.2015","130,56","134,46","134,54","129,57","118,92M","-1,58%"
"27.04.2015","132,65","132,31","133,13","131,15","96,95M","1,82%"